Location,Majority_proteinIDs,Protein_names
"Cytoplasmic side {ECO:0000250|UniProtKB:P62943}.;Peripheral membrane protein {ECO:0000250|UniProtKB:P62943};SUBCELLULAR LOCATION: Cytoplasm, cytosol {ECO:0000269|PubMed:1701173}. Sarcoplasmic reticulum membrane {ECO:0000250|UniProtKB:P62943}",P62942,Peptidyl-prolyl cis-trans isomerase FKBP1A
"Cytoplasmic side {ECO:0000269|PubMed:17689225}. Cytoplasm, cytosol {ECO:0000269|PubMed:17451556, ECO:0000269|PubMed:22689054, ECO:0000269|PubMed:24073260}. Microsome {ECO:0000269|PubMed:22689054}. Endoplasmic reticulum {ECO:0000269|PubMed:16113678, ECO:0000269|PubMed:22689054}. Mitochondrion {ECO:0000269|PubMed:16113678, ECO:0000269|PubMed:22689054}. Mitochondrion membrane {ECO:0000269|PubMed:16113678, ECO:0000269|PubMed:17689225}. Cytoplasm, perinuclear region {ECO:0000250|UniProtKB:P05371}. Cytoplasmic vesicle, secretory vesicle, chromaffin granule {ECO:0000250}. Note=Secreted isoforms can retrotranslocate from the secretory compartments to the cytosol upon cellular stress (PubMed:17451556). Detected in perinuclear foci that may be aggresomes containing misfolded, ubiquitinated proteins (PubMed:20068069). Detected at the mitochondrion membrane upon induction of apoptosis (PubMed:17689225). Under ER stress, a immaturely glycosylated pre-secreted form retrotranslocates from the endoplasmic reticulum (ER)-Golgi network to the cytoplasm to localize in the mitochondria through HSPA5 interaction (PubMed:22689054). ER stress reduces secretion (PubMed:22689054). Under the stress, minor amounts of non-secreted forms accumulate in cytoplasm (PubMed:24073260, PubMed:22689054, PubMed:17451556). Non-secreted forms emerge mainly from failed translocation, alternative splicing or non-canonical initiation start codon (PubMed:24073260, PubMed:12551933). {ECO:0000269|PubMed:12551933, ECO:0000269|PubMed:17451556, ECO:0000269|PubMed:17689225, ECO:0000269|PubMed:20068069, ECO:0000269|PubMed:22689054, ECO:0000269|PubMed:24073260}.;Peripheral membrane protein;SUBCELLULAR LOCATION: [Isoform 4]: Cytoplasm {ECO:0000269|PubMed:24073260}. Note=Keeps cytoplasmic localization in stressed and unstressed cell. {ECO:0000269|PubMed:24073260}.;SUBCELLULAR LOCATION: [Isoform 6]: Cytoplasm {ECO:0000269|PubMed:24073260}. Note=Keeps cytoplasmic localization in stressed and unstressed cell. {ECO:0000269|PubMed:24073260}.;SUBCELLULAR LOCATION: Nucleus {ECO:0000269|PubMed:12551933, ECO:0000269|PubMed:19137541}. Cytoplasm {ECO:0000269|PubMed:12551933, ECO:0000269|PubMed:17689225, ECO:0000269|PubMed:19137541, ECO:0000269|PubMed:20068069, ECO:0000269|PubMed:22689054, ECO:0000269|PubMed:24073260}. Mitochondrion membrane;SUBCELLULAR LOCATION: [Isoform 1]: Secreted {ECO:0000269|PubMed:11123922, ECO:0000269|PubMed:17260971, ECO:0000269|PubMed:17412999, ECO:0000269|PubMed:17451556, ECO:0000269|PubMed:2387851, ECO:0000269|PubMed:24073260, ECO:0000269|PubMed:2780565, ECO:0000269|PubMed:3154963, ECO:0000269|PubMed:8292612, ECO:0000269|PubMed:8328966}. Note=Can retrotranslocate from the secretory compartments to the cytosol upon cellular stress. {ECO:0000269|PubMed:17451556}.",P10909,Clusterin;Clusterin beta chain;Clusterin alpha chain
"Lipid-anchor, GPI-anchor {ECO:0000269|PubMed:19936054}. Golgi apparatus {ECO:0000250|UniProtKB:P04925}. Note=Targeted to lipid rafts via association with the heparan sulfate chains of GPC1. Colocates, in the presence of Cu(2+), to vesicles in para- and perinuclear regions, where both proteins undergo internalization. Heparin displaces PRNP from lipid rafts and promotes endocytosis. {ECO:0000269|PubMed:19936054}.;SUBCELLULAR LOCATION: Cell membrane",P04156,Major prion protein
"Lipid-anchor, GPI-anchor {ECO:0000305}.;SUBCELLULAR LOCATION: Cell membrane {ECO:0000305|PubMed:11491533}",O95497,Pantetheinase
Lumenal side.;Peripheral membrane protein;SUBCELLULAR LOCATION: Rough endoplasmic reticulum membrane,Q02809,"Procollagen-lysine,2-oxoglutarate 5-dioxygenase 1"
"Multi-pass membrane protein {ECO:0000255}. Cytoplasm {ECO:0000250|UniProtKB:Q91V24}. Cell projection, ruffle membrane {ECO:0000250|UniProtKB:Q91V24}. Cell projection, phagocytic cup {ECO:0000250|UniProtKB:Q91V24}. Note=Localizes to cell membrane ruffles and phagocytic cups of macrophages stimulated with C1q or apoptotic cells. Localizes to the cytoplasm of resting macrophages, probably in Golgi and endosomes. Localizes to the apical brush border of cells in the proximal tubules of kidney (By similarity). {ECO:0000250|UniProtKB:Q91V24}.;Multi-pass membrane protein {ECO:0000255}. Early endosome membrane {ECO:0000250|UniProtKB:Q91V24};Multi-pass membrane protein {ECO:0000255}. Golgi apparatus membrane {ECO:0000250|UniProtKB:Q91V24};SUBCELLULAR LOCATION: [Isoform 2]: Cytoplasm {ECO:0000269|PubMed:14592415}. Endoplasmic reticulum {ECO:0000269|PubMed:14592415}. Note=May localize to the endoplasmic reticulum. {ECO:0000269|PubMed:14592415}.;SUBCELLULAR LOCATION: Cell membrane {ECO:0000269|PubMed:12917409, ECO:0000269|PubMed:14592415}",Q8IZY2,ATP-binding cassette sub-family A member 7
Multi-pass membrane protein {ECO:0000269|PubMed:18757503}.;SUBCELLULAR LOCATION: Cell membrane {ECO:0000269|PubMed:18757503},Q9Y2T6,G-protein coupled receptor 55
"Multi-pass membrane protein {ECO:0000269|PubMed:26841934}. Note=Secreted as soluble monomer. Oligomerizes at target membranes, forming a pre-pore. A conformation change then leads to the formation of a 100 Angstrom diameter pore. {ECO:0000269|PubMed:26841934, ECO:0000269|PubMed:30111885, ECO:0000269|PubMed:4055801, ECO:0000269|PubMed:9634479}.;SUBCELLULAR LOCATION: Secreted {ECO:0000269|PubMed:22832194, ECO:0000269|PubMed:26841934, ECO:0000269|PubMed:8603752, ECO:0000269|PubMed:9212048, ECO:0000269|PubMed:9634479}. Target cell membrane {ECO:0000269|PubMed:26841934, ECO:0000269|PubMed:30111885, ECO:0000269|PubMed:9212048}",CON__Q3MHN2,
Multi-pass membrane protein.;SUBCELLULAR LOCATION: Membrane,Q9UI40,Sodium/potassium/calcium exchanger 2
Peripheral membrane protein {ECO:0000250}.;SUBCELLULAR LOCATION: Cytoplasm {ECO:0000250}. Membrane {ECO:0000250},Q8NFP9,Neurobeachin
"Peripheral membrane protein {ECO:0000269|PubMed:11179419, ECO:0000269|PubMed:27386966}. Endoplasmic reticulum membrane {ECO:0000269|PubMed:17081065};Peripheral membrane protein {ECO:0000269|PubMed:17081065}. Nucleus {ECO:0000269|PubMed:11179419}. Melanosome {ECO:0000269|PubMed:12643545, ECO:0000269|PubMed:17081065}. Cytoplasm, cytosol {ECO:0000269|PubMed:11179419}. Cytoplasm, cytoskeleton {ECO:0000269|PubMed:11179419}. Secreted, extracellular exosome {ECO:0000269|PubMed:22660413}. Membrane raft {ECO:0000269|PubMed:25893292}. Note=Mainly membrane-associated. Localized to adherens junctions, focal adhesions and endoplasmic reticulum. Colocalized with actin stress fibers. Also found in the nucleus. Identified by mass spectrometry in melanosome fractions from stage I to stage IV. Associated to the plasma membrane in the presence of FZD7 and phosphatidylinositol 4,5-bisphosphate (PIP2) (PubMed:27386966). {ECO:0000269|PubMed:11179419, ECO:0000269|PubMed:12643545, ECO:0000269|PubMed:17081065, ECO:0000269|PubMed:27386966}.;SUBCELLULAR LOCATION: Cell junction, focal adhesion {ECO:0000269|PubMed:11179419}. Cell junction, adherens junction {ECO:0000269|PubMed:11179419}. Cell membrane {ECO:0000269|PubMed:11179419, ECO:0000269|PubMed:25893292, ECO:0000269|PubMed:27386966}",O00560,Syntenin-1
Peripheral membrane protein {ECO:0000269|PubMed:8842728}. Secreted {ECO:0000269|PubMed:8842728}. Note=Proteolytic cleavage may release it from the cell surface into the extracellular space.;SUBCELLULAR LOCATION: Cell membrane {ECO:0000269|PubMed:8842728},P23352,Anosmin-1
"Peripheral membrane protein. Note=Predominantly localized in the cytoplasm. Upon elevation of the intracellular calcium level, translocated from the cytoplasm to the cytoskeleton and the cell membrane. Upon neutrophil activation or endothelial adhesion of monocytes, is secreted via a microtubule-mediated, alternative pathway.;SUBCELLULAR LOCATION: Secreted. Cytoplasm. Cytoplasm, cytoskeleton. Cell membrane",P06702,Protein S100-A9
"Peripheral membrane protein. Note=Retained intracellularly probably through a hydrophobic cluster in their C-terminus.;SUBCELLULAR LOCATION: [Isoform PACE4A-II]: Secreted.;SUBCELLULAR LOCATION: [Isoform PACE4B]: Secreted.;SUBCELLULAR LOCATION: [Isoform PACE4C]: Endoplasmic reticulum. Note=Not secreted, remains probably in zymogen form in endoplasmic reticulum.;SUBCELLULAR LOCATION: [Isoform PACE4CS]: Endoplasmic reticulum. Note=Not secreted, remains probably in zymogen form in endoplasmic reticulum.;SUBCELLULAR LOCATION: [Isoform PACE4E-I]: Endomembrane system;SUBCELLULAR LOCATION: [Isoform PACE4E-II]: Endomembrane system;SUBCELLULAR LOCATION: [Isoform PACE4A-I]: Secreted.",P29122,Proprotein convertase subtilisin/kexin type 6
"Single-pass membrane protein {ECO:0000255}.;Single-pass type I membrane protein {ECO:0000255}. Endoplasmic reticulum membrane {ECO:0000305|PubMed:18420581};SUBCELLULAR LOCATION: Cell membrane {ECO:0000269|PubMed:18420581, ECO:0000269|PubMed:20972337, ECO:0000269|PubMed:28649982}",P10321,"HLA class I histocompatibility antigen, Cw-7 alpha chain"
Single-pass type I membrane protein {ECO:0000255}.;SUBCELLULAR LOCATION: Cell membrane {ECO:0000305|PubMed:15838507},Q5SZK8,FRAS1-related extracellular matrix protein 2
Single-pass type I membrane protein {ECO:0000269|PubMed:10900005}. Note=Colocalized with DPP4 in internalized cytoplasmic vesicles adjacent to the cell surface.;SUBCELLULAR LOCATION: Lysosome membrane {ECO:0000269|PubMed:10900005},P11717,Cation-independent mannose-6-phosphate receptor
Single-pass type I membrane protein {ECO:0000305|PubMed:15247411}. Secreted {ECO:0000269|PubMed:15247411}.;SUBCELLULAR LOCATION: Membrane {ECO:0000305|PubMed:15247411},Q6EMK4,Vasorin
"Single-pass type I membrane protein {ECO:0000305}. Cell projection, axon {ECO:0000250|UniProtKB:B0V2N1}. Perikaryon {ECO:0000250|UniProtKB:B0V2N1}. Cytoplasmic vesicle, secretory vesicle, synaptic vesicle membrane {ECO:0000250|UniProtKB:Q64605}. Cell junction, synapse, synaptosome {ECO:0000250|UniProtKB:Q64605}. Cell junction, synapse, postsynaptic density {ECO:0000250|UniProtKB:Q64605}. Cell projection, neuron projection {ECO:0000250|UniProtKB:B0V2N1}. Cell projection, growth cone {ECO:0000250|UniProtKB:B0V2N1}. Note=Is rapidly internalized when dendritic cells are stimulated with the TLR9 ligand cytidine-phosphate-guanosine (CpG) (PubMed:26231120). Detected in a punctate pattern along neurites and axon growth cones (By similarity). {ECO:0000250|UniProtKB:B0V2N1, ECO:0000269|PubMed:26231120}.;SUBCELLULAR LOCATION: Cell membrane {ECO:0000269|PubMed:26231120}",Q13332,Receptor-type tyrosine-protein phosphatase S
"Single-pass type I membrane protein {ECO:0000305}. Cytoplasmic vesicle, clathrin-coated vesicle {ECO:0000269|PubMed:12475894}. Cell projection, axon {ECO:0000250|UniProtKB:O35598}. Cell projection, dendrite {ECO:0000250|UniProtKB:O35598}. Cell junction, adherens junction {ECO:0000269|PubMed:30463011}. Cytoplasm {ECO:0000269|PubMed:30463011}. Note=Is localized in the plasma membrane but is also expressed in the Golgi apparatus and in clathrin-coated vesicles derived likely from the Golgi (PubMed:12475894). During long term depression, it is recruited to the cell membrane by DLG1 (PubMed:23676497). The immature form is mainly located near cytoplasmic fibrillar structures, while the mature form is predominantly located at zonula adherens and the cell membrane (PubMed:30463011). The localization and clustering of mature ADAM10 to zonula adherens is regulated by AFDN, TSPAN33, PLEKHA7 and PDZD11 (PubMed:30463011). {ECO:0000269|PubMed:12475894, ECO:0000269|PubMed:23676497, ECO:0000269|PubMed:30463011}.;Single-pass type I membrane protein {ECO:0000305}. Golgi apparatus membrane {ECO:0000269|PubMed:12475894};SUBCELLULAR LOCATION: Cell membrane {ECO:0000269|PubMed:20624979, ECO:0000269|PubMed:23676497, ECO:0000269|PubMed:24990881, ECO:0000269|PubMed:26686862, ECO:0000269|PubMed:29430990, ECO:0000269|PubMed:30463011}",O14672,Disintegrin and metalloproteinase domain-containing protein 10
Single-pass type I membrane protein {ECO:0000305}.;SUBCELLULAR LOCATION: [Isoform 2]: Secreted {ECO:0000305}.;SUBCELLULAR LOCATION: [Isoform 3]: Cell membrane {ECO:0000305};SUBCELLULAR LOCATION: [Isoform 1]: Cell membrane {ECO:0000305};SUBCELLULAR LOCATION: Cell membrane {ECO:0000305},Q15375;Q5JZY3,Ephrin type-A receptor 7;Ephrin type-A receptor 10
Single-pass type I membrane protein {ECO:0000305}.;SUBCELLULAR LOCATION: Membrane {ECO:0000305},Q5VU97,VWFA and cache domain-containing protein 1
"Single-pass type I membrane protein. Cell junction, desmosome.;SUBCELLULAR LOCATION: Cell membrane",Q08554,Desmocollin-1
Single-pass type I membrane protein.;SUBCELLULAR LOCATION: [C30]: Cytoplasm. Note=C-terminally processed in the Golgi complex.;SUBCELLULAR LOCATION: Cell membrane,P51693,Amyloid-like protein 1;C30
Single-pass type I membrane protein.;SUBCELLULAR LOCATION: Cell membrane,Q92859,Neogenin
Single-pass type I membrane protein.;SUBCELLULAR LOCATION: Membrane,P10586,Receptor-type tyrosine-protein phosphatase F
"SUBCELLULAR LOCATION: [Isoform 2]: Cytoplasm. Mitochondrion.;SUBCELLULAR LOCATION: [Isoform 1]: Secreted, extracellular space, extracellular matrix {ECO:0000305|PubMed:2834383}. Membrane. Nucleus. Note=Colocalizes with integrin alphaV/beta3 at the membrane surface in angiogenic blood vessels and melanomas. Found in mitochondria, along microfibrils, and in nuclei of cardiomyocytes.",P08253,72 kDa type IV collagenase;PEX
SUBCELLULAR LOCATION: Cytoplasm {ECO:0000250|UniProtKB:Q3ZBF7}.,Q15185,Prostaglandin E synthase 3
SUBCELLULAR LOCATION: Cytoplasm {ECO:0000250|UniProtKB:Q9QWL7}.,CON__Q04695;Q04695,"Keratin, type I cytoskeletal 17"
SUBCELLULAR LOCATION: Cytoplasm {ECO:0000250}.,P30086,Phosphatidylethanolamine-binding protein 1;Hippocampal cholinergic neurostimulating peptide
SUBCELLULAR LOCATION: Cytoplasm {ECO:0000250}.,Q15493,Regucalcin
SUBCELLULAR LOCATION: Cytoplasm {ECO:0000250}.,Q96P63,Serpin B12
SUBCELLULAR LOCATION: Cytoplasm {ECO:0000250}.;SUBCELLULAR LOCATION: Cytoplasm.,P35326;P35325;P22532;P22531;Q9BYE4,Small proline-rich protein 2A;Small proline-rich protein 2B;Small proline-rich protein 2D;Small proline-rich protein 2E;Small proline-rich protein 2G
SUBCELLULAR LOCATION: Cytoplasm {ECO:0000269|PubMed:11437381}. Secreted {ECO:0000269|PubMed:11437381}.,CON__Q3ZBD7,
"SUBCELLULAR LOCATION: Cytoplasm {ECO:0000269|PubMed:11803813}. Secreted {ECO:0000269|PubMed:11803813, ECO:0000269|PubMed:9442024}.",Q9Y240,C-type lectin domain family 11 member A
SUBCELLULAR LOCATION: Cytoplasm {ECO:0000269|PubMed:11891849}. Nucleus envelope {ECO:0000269|PubMed:11891849}.,Q14974,Importin subunit beta-1
SUBCELLULAR LOCATION: Cytoplasm {ECO:0000269|PubMed:12181345}. Nucleus {ECO:0000269|PubMed:12181345}.,P20618,Proteasome subunit beta type-1
SUBCELLULAR LOCATION: Cytoplasm {ECO:0000269|PubMed:16141327}. Cytoplasmic granule {ECO:0000269|PubMed:15546957}. Note=Localized in azurophil granules of neutrophils (PubMed:15546957). {ECO:0000269|PubMed:15546957}.,P05089,Arginase-1
"SUBCELLULAR LOCATION: Cytoplasm {ECO:0000269|PubMed:19384417}. Cytoplasmic granule {ECO:0000269|PubMed:19384417}. Note=In the stratum corneum of the epidermis, dispersed diffusely throughout the cytoplasm, while in the stratum granulosum, localized within keratohyalin granules (PubMed:19384417) (PubMed:21531719). In granular keratinocytes and in lower corneocytes, colocalizes with calpain-1/CAPN1. {ECO:0000269|PubMed:19384417, ECO:0000269|PubMed:21531719}.",CON__Q5D862;Q5D862,Filaggrin-2
SUBCELLULAR LOCATION: Cytoplasm {ECO:0000269|PubMed:22087255}.,Q6ZVX7,F-box only protein 50
"SUBCELLULAR LOCATION: Cytoplasm {ECO:0000269|PubMed:22580899}. Secreted {ECO:0000269|PubMed:22580899, ECO:0000269|PubMed:26224785}.",P04114,Apolipoprotein B-100;Apolipoprotein B-48
SUBCELLULAR LOCATION: Cytoplasm {ECO:0000269|PubMed:27866708}.,Q08188,Protein-glutamine gamma-glutamyltransferase E;Protein-glutamine gamma-glutamyltransferase E 50 kDa catalytic chain;Protein-glutamine gamma-glutamyltransferase E 27 kDa non-catalytic chain
SUBCELLULAR LOCATION: Cytoplasm {ECO:0000269|PubMed:9497357}.,P32119,Peroxiredoxin-2
"SUBCELLULAR LOCATION: Cytoplasm, cytoskeleton {ECO:0000250}.;SUBCELLULAR LOCATION: Cytoplasm, cytoskeleton {ECO:0000269|PubMed:11687588, ECO:0000269|PubMed:17289661}. Nucleus {ECO:0000269|PubMed:11687588, ECO:0000269|PubMed:29925947}. Note=Localized in cytoplasmic mRNP granules containing untranslated mRNAs. {ECO:0000269|PubMed:17289661}.;SUBCELLULAR LOCATION: Cytoplasm, cytoskeleton.",P60709;P63267;P68133;P68032;P62736,"Actin, cytoplasmic 1;Actin, cytoplasmic 1, N-terminally processed;Actin, gamma-enteric smooth muscle;Actin, alpha skeletal muscle;Actin, alpha cardiac muscle 1;Actin, aortic smooth muscle"
"SUBCELLULAR LOCATION: Cytoplasm, cytoskeleton {ECO:0000269|PubMed:22592156}.",CON__Q32MB2;Q86Y46;CON__Q7RTS7;Q7RTS7;CON__Q3SY84;Q3SY84,"Keratin, type II cytoskeletal 73;Keratin, type II cytoskeletal 74;Keratin, type II cytoskeletal 71"
"SUBCELLULAR LOCATION: Cytoplasm, cytoskeleton {ECO:0000269|PubMed:26789871}. Cytoplasm, cytoskeleton, spindle {ECO:0000269|PubMed:26789871}.",Q3ZCM7,Tubulin beta-8 chain
"SUBCELLULAR LOCATION: Cytoplasm, cytoskeleton.",P16949,Stathmin
SUBCELLULAR LOCATION: Cytoplasm.,P07148,"Fatty acid-binding protein, liver"
SUBCELLULAR LOCATION: Cytoplasm.,Q13867,Bleomycin hydrolase
"SUBCELLULAR LOCATION: Cytoplasm. Nucleus, gem. Note=Localized in subnuclear structures next to coiled bodies, called Gemini of Cajal bodies (Gems).",Q9UHI6,Probable ATP-dependent RNA helicase DDX20
"SUBCELLULAR LOCATION: Cytoplasmic granule {ECO:0000269|PubMed:16710414}. Note=In the stratum granulosum of the epidermis, localized within keratohyalin granules (PubMed:1429717). In granular keratinocytes and in lower corneocytes, colocalizes with calpain-1/CAPN1 (PubMed:21531719). {ECO:0000269|PubMed:1429717, ECO:0000269|PubMed:21531719}.",CON__P20930;P20930,Filaggrin
"SUBCELLULAR LOCATION: Endoplasmic reticulum {ECO:0000250|UniProtKB:Q9Z1T2}. Sarcoplasmic reticulum {ECO:0000250|UniProtKB:Q9Z1T2}. Secreted {ECO:0000250|UniProtKB:Q9Z1T2}. Secreted, extracellular space {ECO:0000250|UniProtKB:Q9Z1T2}. Secreted, extracellular space, extracellular matrix {ECO:0000250|UniProtKB:Q9Z1T2}.",P35443,Thrombospondin-4
"SUBCELLULAR LOCATION: Endoplasmic reticulum lumen {ECO:0000269|PubMed:10827079, ECO:0000269|PubMed:15195998, ECO:0000269|PubMed:15525676, ECO:0000269|PubMed:15544163}. Note=Associated with the ER membrane in a C-terminally epitope-tagged construct.",Q9UBS4,DnaJ homolog subfamily B member 11
SUBCELLULAR LOCATION: Lysosome {ECO:0000305}.,O60911,Cathepsin L2
SUBCELLULAR LOCATION: Nucleus {ECO:0000250|UniProtKB:P70696}. Chromosome {ECO:0000250|UniProtKB:P70696}.;SUBCELLULAR LOCATION: Nucleus. Chromosome.,Q99880;Q99879;Q99877;Q93079;Q8N257;Q5QNW6;Q16778;P62807;P58876;P57053;P33778;P23527;P06899;O60814;Q96A08,Histone H2B type 1-L;Histone H2B type 1-M;Histone H2B type 1-N;Histone H2B type 1-H;Histone H2B type 3-B;Histone H2B type 2-F;Histone H2B type 2-E;Histone H2B type 1-C/E/F/G/I;Histone H2B type 1-D;Histone H2B type F-S;Histone H2B type 1-B;Histone H2B type 1-O;Histone H2B type 1-J;Histone H2B type 1-K;Histone H2B type 1-A
"SUBCELLULAR LOCATION: Nucleus {ECO:0000269|PubMed:11318608, ECO:0000269|PubMed:11395479}. Cytoplasm {ECO:0000250}. Note=Enriched in transcriptionally active regions of chromatin in neurons. {ECO:0000250}.",Q9H2G4,Testis-specific Y-encoded-like protein 2
SUBCELLULAR LOCATION: Nucleus {ECO:0000269|PubMed:19340006}. Cytoplasm {ECO:0000269|PubMed:19340006}.,Q5JXB2;P61088,Putative ubiquitin-conjugating enzyme E2 N-like;Ubiquitin-conjugating enzyme E2 N
"SUBCELLULAR LOCATION: Nucleus {ECO:0000269|PubMed:21157427}. Nucleus, nucleoplasm {ECO:0000269|PubMed:21157427}. Nucleus speckle {ECO:0000269|PubMed:21157427}. Note=Phosphorylation by SRPK2 provokes its redistribution from the nuclear specke to nucleoplasm.",Q01130,Serine/arginine-rich splicing factor 2
SUBCELLULAR LOCATION: Nucleus {ECO:0000305}.,P50458,LIM/homeobox protein Lhx2
SUBCELLULAR LOCATION: Nucleus {ECO:0000305}.,Q86YW9,Mediator of RNA polymerase II transcription subunit 12-like protein
SUBCELLULAR LOCATION: Nucleus.,Q15014,Mortality factor 4-like protein 2
"SUBCELLULAR LOCATION: Nucleus. Cytoplasm, cytoskeleton, spindle. Midbody, Midbody ring {ECO:0000269|PubMed:16213214}. Note=Localizes to the interzone of mitotic spindles. Detected at the midbody during later stages of mitotic cytokinesis.",Q02241,Kinesin-like protein KIF23
SUBCELLULAR LOCATION: Nucleus. Cytoplasm. Note=Loosely bound in the nucleus. May shuttle between the nucleus and the cytoplasm.,Q15365,Poly(rC)-binding protein 1
"SUBCELLULAR LOCATION: Nucleus.;SUBCELLULAR LOCATION: [Isoform 1]: Nucleus. Cell junction, desmosome.",Q13835,Plakophilin-1
SUBCELLULAR LOCATION: Secreted {ECO:0000250}.,Q6UWP8,Suprabasin
"SUBCELLULAR LOCATION: Secreted {ECO:0000250}. Note=In testis, it is synthesized by the Sertoli cells, secreted into the lumen of the seminiferous tubule and transported to the epididymis. {ECO:0000250}.",CON__Q6T181,
"SUBCELLULAR LOCATION: Secreted {ECO:0000250}.;SUBCELLULAR LOCATION: Secreted, extracellular space.;SUBCELLULAR LOCATION: Secreted.",CON__Q3MHH8,
"SUBCELLULAR LOCATION: Secreted {ECO:0000269|PubMed:10639150, ECO:0000269|PubMed:3136170}. Lysosome {ECO:0000269|PubMed:10639150, ECO:0000269|PubMed:3136170}.",P13284,Gamma-interferon-inducible lysosomal thiol reductase
"SUBCELLULAR LOCATION: Secreted {ECO:0000269|PubMed:11563986, ECO:0000269|PubMed:11731620, ECO:0000269|PubMed:15896327}. Note=VEGF121 is acidic and freely secreted. VEGF165 is more basic, has heparin-binding properties and, although a significant proportion remains cell-associated, most is freely secreted. VEGF189 is very basic, it is cell-associated after secretion and is bound avidly by heparin and the extracellular matrix, although it may be released as a soluble form by heparin, heparinase or plasmin.",P15692,Vascular endothelial growth factor A
"SUBCELLULAR LOCATION: Secreted {ECO:0000269|PubMed:12176993, ECO:0000269|PubMed:15769751, ECO:0000269|PubMed:1733949, ECO:0000269|PubMed:26371182, ECO:0000269|PubMed:27754931}.",Q13822,Ectonucleotide pyrophosphatase/phosphodiesterase family member 2
SUBCELLULAR LOCATION: Secreted {ECO:0000269|PubMed:16040806}.,P01344,Insulin-like growth factor II;Insulin-like growth factor II;Insulin-like growth factor II Ala-25 Del;Preptin
"SUBCELLULAR LOCATION: Secreted {ECO:0000269|PubMed:16652333, ECO:0000269|PubMed:17035250, ECO:0000269|PubMed:20599547}. Secreted, extracellular space, extracellular matrix {ECO:0000269|PubMed:17035250}. Note=co-localizes with ELN in elastic fibers. {ECO:0000269|PubMed:17035250}.",Q9UBX5,Fibulin-5
"SUBCELLULAR LOCATION: Secreted {ECO:0000269|PubMed:17525477, ECO:0000269|PubMed:18279674, ECO:0000269|PubMed:18460466}. Note=Present in high density lipoprotein (HDL) and to a lesser extent in triglyceride-rich lipoproteins (TGRLP) and low density lipoproteins (LDL).",O95445,Apolipoprotein M
SUBCELLULAR LOCATION: Secreted {ECO:0000269|PubMed:21215706}.,P04196,Histidine-rich glycoprotein
"SUBCELLULAR LOCATION: Secreted {ECO:0000269|PubMed:31152061}. Secreted, extracellular space.",P28300,Protein-lysine 6-oxidase
"SUBCELLULAR LOCATION: Secreted {ECO:0000303|PubMed:18201179, ECO:0000303|PubMed:22510806}.",P02656,Apolipoprotein C-III
SUBCELLULAR LOCATION: Secreted {ECO:0000305}.,Q6MZW2,Follistatin-related protein 4
"SUBCELLULAR LOCATION: Secreted {ECO:0000305}.;SUBCELLULAR LOCATION: Secreted, extracellular space.",CON__P07477;Q8NHM4;P07478;P07477,Putative trypsin-6;Trypsin-2;Trypsin-1;Alpha-trypsin chain 1;Alpha-trypsin chain 2
"SUBCELLULAR LOCATION: Secreted, extracellular space, extracellular matrix {ECO:0000250}.",Q03692,Collagen alpha-1(X) chain
"SUBCELLULAR LOCATION: Secreted, extracellular space, extracellular matrix {ECO:0000250}.",Q76M96,Coiled-coil domain-containing protein 80
"SUBCELLULAR LOCATION: Secreted, extracellular space, extracellular matrix {ECO:0000269|PubMed:14617626}.",P09382,Galectin-1
"SUBCELLULAR LOCATION: Secreted, extracellular space, extracellular matrix {ECO:0000269|PubMed:19590037, ECO:0000269|Ref.8}. Note=Enriched in the peritubular space of fibrotic kidneys.",Q92626,Peroxidasin homolog
"SUBCELLULAR LOCATION: Secreted, extracellular space, extracellular matrix, basement membrane {ECO:0000250|UniProtKB:P02463}.;SUBCELLULAR LOCATION: Secreted, extracellular space, extracellular matrix, basement membrane.",P02462;P29400,Collagen alpha-1(IV) chain;Arresten;Collagen alpha-5(IV) chain
"SUBCELLULAR LOCATION: Secreted, extracellular space, extracellular matrix.",P23142,Fibulin-1
"SUBCELLULAR LOCATION: Secreted, extracellular space, extracellular matrix.",P35625,Metalloproteinase inhibitor 3
"SUBCELLULAR LOCATION: Secreted, extracellular space, extracellular matrix.",P55001,Microfibrillar-associated protein 2
"SUBCELLULAR LOCATION: Secreted, extracellular space, extracellular matrix.",Q16610,Extracellular matrix protein 1
"SUBCELLULAR LOCATION: Secreted, extracellular space.",CON__P01044-1,
"SUBCELLULAR LOCATION: Secreted, extracellular space.",P43251,Biotinidase
"SUBCELLULAR LOCATION: Secreted, extracellular space.",P07093,Glia-derived nexin
SUBCELLULAR LOCATION: Secreted.,CON__ENSEMBL:ENSBTAP00000013050,
SUBCELLULAR LOCATION: Secreted.,CON__P02768-1;P02768,Serum albumin
SUBCELLULAR LOCATION: Secreted.,CON__P31096;P10451,Osteopontin
SUBCELLULAR LOCATION: Secreted.,CON__Q32PJ2,
SUBCELLULAR LOCATION: Secreted.,P00746,Complement factor D
SUBCELLULAR LOCATION: Secreted.,P01024,Complement C3;Complement C3 beta chain;C3-beta-c;Complement C3 alpha chain;C3a anaphylatoxin;Acylation stimulating protein;Complement C3b alpha chain;Complement C3c alpha chain fragment 1;Complement C3dg fragment;Complement C3g fragment;Complement C3d fragment;Complement C3f fragment;Complement C3c alpha chain fragment 2
SUBCELLULAR LOCATION: Secreted.,P02790,Hemopexin
SUBCELLULAR LOCATION: Secreted.,P07358,Complement component C8 beta chain
SUBCELLULAR LOCATION: Secreted.,P55773,C-C motif chemokine 23;CCL23(19-99);CCL23(22-99);CCL23(27-99);CCL23(30-99)
SUBCELLULAR LOCATION: Secreted.,Q13103,Secreted phosphoprotein 24
"SUBCELLULAR LOCATION: Secreted. Cytoplasm {ECO:0000269|PubMed:15181016}. Cell junction, gap junction {ECO:0000269|PubMed:15181016}. Note=Localizes at the gap junction in presence of GJA1. {ECO:0000250|UniProtKB:Q9QZQ5}.",P48745,Protein NOV homolog
SUBCELLULAR LOCATION: Secreted. Note=Neuroendocrine and endocrine secretory granules.,P05060,Secretogranin-1;PE-11;GAWK peptide;CCB peptide
"SUBCELLULAR LOCATION: Vacuole membrane {ECO:0000269|PubMed:11260479}. Note=(Microbial infection) Upon infection with Chlamydia trachomatis, this protein is associated with the pathogen-containing vacuole membrane where it colocalizes with IncG. {ECO:0000269|PubMed:11260479}.;SUBCELLULAR LOCATION: Cytoplasm {ECO:0000269|PubMed:17081065}. Melanosome {ECO:0000269|PubMed:17081065}. Note=Identified by mass spectrometry in melanosome fractions from stage I to stage IV.",P31946,"14-3-3 protein beta/alpha;14-3-3 protein beta/alpha, N-terminally processed"
,A6NCN2,Putative keratin-87 protein
,Q9BYQ2;Q9BYP9;Q9BYQ3;Q9BYQ0;A8MTY7;Q9BYQ4;A8MXZ3,Keratin-associated protein 9-4;Keratin-associated protein 9-9;Keratin-associated protein 9-3;Keratin-associated protein 9-8;Keratin-associated protein 9-7;Keratin-associated protein 9-2;Keratin-associated protein 9-1
,CON__A2I7N1,
,CON__ENSEMBL:ENSBTAP00000024462,
,CON__ENSEMBL:ENSBTAP00000033053,
,CON__ENSEMBL:ENSBTAP00000034412,
,CON__ENSEMBL:ENSP00000377550;P13646;CON__P13646-1,"Keratin, type I cytoskeletal 13"
,CON__O76015;O76015,"Keratin, type I cuticular Ha8"
,CON__P02535-1,
,CON__P02584,
,CON__P02668,
,CON__P02676,
,CON__P04264,
,CON__P17697,
,CON__Q03247,
,CON__Q14533,
,CON__Q14CN4-1;CON__Q6IME9;Q14CN4,"Keratin, type II cytoskeletal 72"
,CON__Q1RMK2,
,CON__Q2KIH2,
,CON__Q2KIU3,
,CON__Q497I4,
,CON__Q6IFZ6,
,CON__Q8N1N4-2;CON__Q7RTT2;Q8N1N4,"Keratin, type II cytoskeletal 78"
,CON__Q8IUT8;CON__O76011;O76011,"Keratin, type I cuticular Ha4"
,CON__Q9BYQ5;Q9BYQ5;Q9BQ66,Keratin-associated protein 4-6;Keratin-associated protein 4-12
,CON__Q9BYR4;Q9BYR4,Keratin-associated protein 4-3
,CON__Q9BYR8;Q9BYR8,Keratin-associated protein 3-1
,CON__Q9N2I2,
,CON__Q9NSB4;Q9NSB4,"Keratin, type II cuticular Hb2"
,O00418,Eukaryotic elongation factor 2 kinase
,P10316;P01892;P30453;P01891;P30512;P30459;P16190;P16189;P10314;Q95604,"HLA class I histocompatibility antigen, A-69 alpha chain;HLA class I histocompatibility antigen, A-2 alpha chain;HLA class I histocompatibility antigen, A-34 alpha chain;HLA class I histocompatibility antigen, A-68 alpha chain;HLA class I histocompatibility antigen, A-29 alpha chain;HLA class I histocompatibility antigen, A-74 alpha chain;HLA class I histocompatibility antigen, A-33 alpha chain;HLA class I histocompatibility antigen, A-31 alpha chain;HLA class I histocompatibility antigen, A-32 alpha chain;HLA class I histocompatibility antigen, Cw-17 alpha chain"
,P12955,Xaa-Pro dipeptidase
,P13716,Delta-aminolevulinic acid dehydratase
,P24534,Elongation factor 1-beta
,P69905,Hemoglobin subunit alpha
,Q13395,Probable methyltransferase TARBP1
,Q8IUC0;Q52LG2,Keratin-associated protein 13-1;Keratin-associated protein 13-2
,Q5T750,Skin-specific protein 32
,Q8IUC1,Keratin-associated protein 11-1
,Q8TEW6,Docking protein 4
,Q9BYR6,Keratin-associated protein 3-3
,Q9NYF3,Protein FAM53C
,REV__Q92522,
,CON__REFSEQ:XP_986630,
,CON__P08779;P08779,"Keratin, type I cytoskeletal 16"
,CON__Q6NT21;P78385;CON__P78385,"Keratin, type II cuticular Hb3"
,CON__P02672,
,P37802,Transgelin-2
,CON__Q2KIT0,
,CON__ENSEMBL:ENSBTAP00000037665,
,CON__Q3Y5Z3,
,CON__Q9BYQ8;Q9BYQ8,Keratin-associated protein 4-9
,CON__O76009;O76009;CON__Q6NTB9,"Keratin, type I cuticular Ha3-I"
SUBCELLULAR LOCATION: Secreted.,CON__Q2KIS7,
"Single-pass type I membrane protein {ECO:0000250}. Cell junction, desmosome.;SUBCELLULAR LOCATION: Cell membrane {ECO:0000250}",Q02413,Desmoglein-1
,CON__ENSEMBL:ENSBTAP00000023402,
"SUBCELLULAR LOCATION: Secreted, extracellular space.",CON__Q2KJ83,
,CON__P02070,
,Q9BY89,Uncharacterized protein KIAA1671
,CON__P04259,
,CON__P00711,
,CON__Q61726,
,CON__A2I7N0,
"SUBCELLULAR LOCATION: Secreted {ECO:0000269|PubMed:12237133, ECO:0000269|PubMed:2444024, ECO:0000269|PubMed:5541771}.",P02753,Retinol-binding protein 4;Plasma retinol-binding protein(1-182);Plasma retinol-binding protein(1-181);Plasma retinol-binding protein(1-179);Plasma retinol-binding protein(1-176)
"SUBCELLULAR LOCATION: Nucleus {ECO:0000250}. Chromosome {ECO:0000250}.;SUBCELLULAR LOCATION: Nucleus {ECO:0000269|PubMed:12419185, ECO:0000269|PubMed:12660252, ECO:0000269|PubMed:12697768, ECO:0000269|PubMed:15613478, ECO:0000269|PubMed:24429368}. Chromosome {ECO:0000269|PubMed:10959836, ECO:0000269|PubMed:11673449, ECO:0000269|PubMed:12607005, ECO:0000269|PubMed:12660252, ECO:0000269|PubMed:15059890, ECO:0000269|PubMed:15201865, ECO:0000269|PubMed:15613478}.;SUBCELLULAR LOCATION: Nucleus. Chromosome.",Q99878;Q96KK5;Q9BTM1;Q16777;Q93077;Q7L7L0;Q6FI13;P20671;P0C0S8;P04908;Q71UI9;P0C0S5;Q96QV6;P16104,Histone H2A type 1-J;Histone H2A type 1-H;Histone H2A.J;Histone H2A type 2-C;Histone H2A type 1-C;Histone H2A type 3;Histone H2A type 2-A;Histone H2A type 1-D;Histone H2A type 1;Histone H2A type 1-B/E;Histone H2A.V;Histone H2A.Z;Histone H2A type 1-A;Histone H2AX
SUBCELLULAR LOCATION: Cytoplasm {ECO:0000269|PubMed:25064856}. Nucleus {ECO:0000269|PubMed:24648518}. Note=Phosphorylation by CSK promotes cleavage and SUMOylation-dependent nuclear translocation of the C-terminal cleavage product. {ECO:0000269|PubMed:24648518}.,P13639,Elongation factor 2
,O14737,Programmed cell death protein 5
"SUBCELLULAR LOCATION: Cytoplasm {ECO:0000250|UniProtKB:P62937}.;SUBCELLULAR LOCATION: Cytoplasm {ECO:0000269|PubMed:16527992}. Secreted {ECO:0000269|PubMed:16527992}. Note=Secretion occurs in response to oxidative stress in vascular smooth muscle through a vesicular secretory pathway that involves actin remodeling and myosin II activation, and mediates ERK1/2 activation.",P62937,"Peptidyl-prolyl cis-trans isomerase A;Peptidyl-prolyl cis-trans isomerase A, N-terminally processed"
SUBCELLULAR LOCATION: Cytoplasm.,P07195,L-lactate dehydrogenase B chain
"SUBCELLULAR LOCATION: Cell junction, desmosome {ECO:0000269|PubMed:12802069}. Cytoplasm, cytoskeleton {ECO:0000269|PubMed:12802069}. Cell membrane {ECO:0000250|UniProtKB:E9Q557}. Note=Innermost portion of the desmosomal plaque. Colocalizes with epidermal KRT5-KRT14 and simple KRT8-KRT18 keratins and VIM intermediate filaments network (PubMed:12802069). Localizes at the intercalated disk in cardiomyocytes (By similarity). {ECO:0000250|UniProtKB:E9Q557, ECO:0000269|PubMed:12802069}.",P15924,Desmoplakin
"SUBCELLULAR LOCATION: Cytoplasm {ECO:0000269|PubMed:25263439}. Nucleus. Note=Translocates to the nucleus in response to different apoptotic stimuli. Nuclear translocation is sufficient to induce cell death that is caspase independent, isoform-specific and independent of its enzymatic activity.",P14618,Pyruvate kinase PKM
"SUBCELLULAR LOCATION: Cytoplasm. Nucleus. Nucleus, PML body {ECO:0000250}.;SUBCELLULAR LOCATION: Nucleus. Nucleus, PML body.",Q6EEV6;P61956;P55854,Small ubiquitin-related modifier 4;Small ubiquitin-related modifier 2;Small ubiquitin-related modifier 3
"SUBCELLULAR LOCATION: [Isoform MBP-1]: Nucleus.;SUBCELLULAR LOCATION: Cytoplasm {ECO:0000250}. Cell membrane {ECO:0000250}. Note=Can translocate to the plasma membrane in either the homodimeric (alpha/alpha) or heterodimeric (alpha/gamma) form. {ECO:0000250}.;SUBCELLULAR LOCATION: Cytoplasm {ECO:0000269|PubMed:10802057}. Cell membrane {ECO:0000269|PubMed:10802057}. Cytoplasm, myofibril, sarcomere, M line {ECO:0000269|PubMed:10802057}. Note=Can translocate to the plasma membrane in either the homodimeric (alpha/alpha) or heterodimeric (alpha/gamma) form. ENO1 is localized to the M line.;SUBCELLULAR LOCATION: Cytoplasm. Note=Localized to the Z line. Some colocalization with CKM at M-band (By similarity). {ECO:0000250}.",P06733,Alpha-enolase
,CON__Q05B55,
,CON__P02777,
SUBCELLULAR LOCATION: Cytoplasm {ECO:0000250}.;SUBCELLULAR LOCATION: Nucleus {ECO:0000250|UniProtKB:P07901}. Cytoplasm {ECO:0000250|UniProtKB:P07901}. Melanosome {ECO:0000269|PubMed:17081065}. Cell membrane {ECO:0000269|PubMed:11276205}. Note=Identified by mass spectrometry in melanosome fractions from stage I to stage IV.,P07900,Heat shock protein HSP 90-alpha
SUBCELLULAR LOCATION: Secreted {ECO:0000250}.,CON__Q28107,
"SUBCELLULAR LOCATION: Cytoplasm {ECO:0000269|PubMed:16580629, ECO:0000269|PubMed:18239673, ECO:0000269|PubMed:24880080, ECO:0000269|PubMed:9482106}. Melanosome {ECO:0000269|PubMed:17081065}. Nucleus {ECO:0000269|PubMed:18239673}. Secreted {ECO:0000269|PubMed:20599762}. Cell membrane {ECO:0000269|PubMed:20599762}. Note=Identified by mass spectrometry in melanosome fractions from stage I to stage IV (PubMed:17081065). Translocates with BIRC2 from the nucleus to the cytoplasm during differentiation (PubMed:18239673). Secreted when associated with TGFB1 processed form (LAP) (PubMed:20599762). {ECO:0000269|PubMed:17081065, ECO:0000269|PubMed:18239673, ECO:0000269|PubMed:20599762}.;SUBCELLULAR LOCATION: Endoplasmic reticulum lumen {ECO:0000305|PubMed:12475965}. Sarcoplasmic reticulum lumen {ECO:0000250|UniProtKB:P41148}. Melanosome {ECO:0000269|PubMed:12643545, ECO:0000269|PubMed:17081065}. Note=Identified by mass spectrometry in melanosome fractions from stage I to stage IV. {ECO:0000269|PubMed:12643545, ECO:0000269|PubMed:17081065}.",P08238,Heat shock protein HSP 90-beta
SUBCELLULAR LOCATION: Cytoplasm.,P12277,Creatine kinase B-type
,CON__A2I7N3,
"Cytoplasmic side {ECO:0000250}. Nucleus, nuclear pore complex {ECO:0000250}. Note=Hypusine modification promotes the nuclear export and cytoplasmic localization and there was a dynamic shift in the localization from predominantly cytoplasmic to primarily nuclear under apoptotic inducing conditions. {ECO:0000250}.;Cytoplasmic side. Nucleus, nuclear pore complex. Note=Hypusine modification promotes the nuclear export and cytoplasmic localization and there was a dynamic shift in the localization from predominantly cytoplasmic to primarily nuclear under apoptotic inducing conditions.;Peripheral membrane protein;Peripheral membrane protein {ECO:0000250};SUBCELLULAR LOCATION: Cytoplasm {ECO:0000250}. Nucleus {ECO:0000250}. Endoplasmic reticulum membrane {ECO:0000250};SUBCELLULAR LOCATION: Cytoplasm. Nucleus. Endoplasmic reticulum membrane",P63241,Eukaryotic translation initiation factor 5A-1
"SUBCELLULAR LOCATION: Secreted, extracellular space, extracellular matrix.",CON__ENSEMBL:ENSBTAP00000006074,
,CON__P01045-1,
"SUBCELLULAR LOCATION: [Isoform A2]: Nucleus {ECO:0000269|PubMed:10772824, ECO:0000269|PubMed:17289661, ECO:0000269|PubMed:24098712}. Cytoplasm {ECO:0000269|PubMed:10772824, ECO:0000269|PubMed:17289661}. Note=Predominantly nucleoplasmic, however is also found in the cytoplasm of cells in some tissues (PubMed:17289661). {ECO:0000269|PubMed:17289661}.;SUBCELLULAR LOCATION: Nucleus {ECO:0000269|PubMed:31320558}. Nucleus, nucleoplasm {ECO:0000269|PubMed:17289661}. Cytoplasm {ECO:0000269|PubMed:31320558}. Cytoplasmic granule {ECO:0000269|PubMed:17289661, ECO:0000269|PubMed:24356509}. Secreted, extracellular exosome {ECO:0000269|PubMed:24356509}. Note=Localized in cytoplasmic mRNP granules containing untranslated mRNAs (PubMed:17289661). Component of ribonucleosomes (PubMed:17289661). Not found in the nucleolus (PubMed:17289661). Found in exosomes following sumoylation (PubMed:24356509). {ECO:0000269|PubMed:17289661, ECO:0000269|PubMed:24356509}.",P22626,Heterogeneous nuclear ribonucleoproteins A2/B1
"SUBCELLULAR LOCATION: Cytoplasm, cytosol {ECO:0000269|PubMed:12829261}. Nucleus {ECO:0000250}. Cytoplasm, perinuclear region {ECO:0000269|PubMed:12829261}. Membrane {ECO:0000269|PubMed:12829261}. Cytoplasm, cytoskeleton {ECO:0000250}. Note=Translocates to the nucleus following S-nitrosylation and interaction with SIAH1, which contains a nuclear localization signal (By similarity). Postnuclear and Perinuclear regions. {ECO:0000250}.",P04406,Glyceraldehyde-3-phosphate dehydrogenase
SUBCELLULAR LOCATION: Secreted.,CON__Q0VCM5,
SUBCELLULAR LOCATION: [60S ribosomal protein L40]: Cytoplasm {ECO:0000250}.;SUBCELLULAR LOCATION: [Ubiquitin]: Cytoplasm {ECO:0000250}. Nucleus {ECO:0000250}.,P62987;P62979;P0CG47;P0CG48,Ubiquitin-60S ribosomal protein L40;Ubiquitin;60S ribosomal protein L40;Ubiquitin-40S ribosomal protein S27a;Ubiquitin;40S ribosomal protein S27a;Polyubiquitin-B;Ubiquitin;Polyubiquitin-C;Ubiquitin
"Lipid-anchor {ECO:0000250|UniProtKB:Q99LX0}. Cytoplasm {ECO:0000269|PubMed:12851414, ECO:0000269|PubMed:14579415, ECO:0000269|PubMed:15976810, ECO:0000269|PubMed:19229105, ECO:0000269|PubMed:28596309}. Nucleus {ECO:0000269|PubMed:12851414, ECO:0000269|PubMed:14579415, ECO:0000269|PubMed:15976810, ECO:0000269|PubMed:16390825, ECO:0000269|PubMed:28596309}. Membrane raft {ECO:0000250|UniProtKB:O88767}. Mitochondrion {ECO:0000269|PubMed:15181200, ECO:0000269|PubMed:18711745, ECO:0000269|PubMed:19229105, ECO:0000269|PubMed:31536960}. Endoplasmic reticulum {ECO:0000269|PubMed:31536960}. Note=Under normal conditions, located predominantly in the cytoplasm and, to a lesser extent, in the nucleus and mitochondrion. Translocates to the mitochondrion and subsequently to the nucleus in response to oxidative stress and exerts an increased cytoprotective effect against oxidative damage (PubMed:18711745). Detected in tau inclusions in brains from neurodegenerative disease patients (PubMed:14705119). Membrane raft localization in astrocytes and neuronal cells requires palmitoylation. {ECO:0000269|PubMed:14705119, ECO:0000269|PubMed:18711745}.;SUBCELLULAR LOCATION: Cell membrane {ECO:0000250|UniProtKB:Q99LX0}",Q99497,Protein deglycase DJ-1
,CON__Q3SZR3,
"SUBCELLULAR LOCATION: Cytoplasm {ECO:0000269|PubMed:16442775}. Nucleus {ECO:0000269|PubMed:16442775}. Cell projection, lamellipodium {ECO:0000269|PubMed:11919189}. Cell projection, ruffle {ECO:0000269|PubMed:11919189}. Note=Isoform 3 is mainly cytoplasmic and isoform 1 and isoform 3 are excluded from the nucleolus. Colocalizes with ITGB1 and ITGB1BP1 at the edge or peripheral ruffles and lamellipodia during the early stages of cell spreading on fibronectin or collagen but not on vitronectin or laminin substrates. {ECO:0000269|PubMed:11919189, ECO:0000269|PubMed:16442775}.;SUBCELLULAR LOCATION: Cytoplasm {ECO:0000269|PubMed:16442775}. Nucleus {ECO:0000269|PubMed:16442775}. Note=Cell-cycle dependent nuclear localization which can be induced by interaction with Epstein-barr viral proteins or by degradation of the SET complex by GzmA.",P22392;P15531,Nucleoside diphosphate kinase B;Nucleoside diphosphate kinase A
SUBCELLULAR LOCATION: Cytoplasm {ECO:0000255|PROSITE-ProRule:PRU10127}.,P60174,Triosephosphate isomerase
,CON__ENSEMBL:ENSBTAP00000023055,
Lipid-anchor {ECO:0000269|PubMed:19261853}. Note=About 30% of total UCHL1 is associated with membranes in brain.;SUBCELLULAR LOCATION: Cytoplasm {ECO:0000269|PubMed:19261853}. Endoplasmic reticulum membrane {ECO:0000269|PubMed:19261853},P09936,Ubiquitin carboxyl-terminal hydrolase isozyme L1
"SUBCELLULAR LOCATION: Cytoplasm, cytoskeleton.",P07737,Profilin-1
,P05387,60S acidic ribosomal protein P2
"SUBCELLULAR LOCATION: Cytoplasm {ECO:0000250}.;SUBCELLULAR LOCATION: Cytoplasm {ECO:0000269|PubMed:19158340, ECO:0000269|PubMed:8650580}. Nucleus {ECO:0000269|PubMed:17177976, ECO:0000269|PubMed:8650580}. Nucleus, nucleolus {ECO:0000269|PubMed:8650580}. Cell membrane {ECO:0000269|PubMed:26497934}. Note=Colocalizes with DLC1 at actin-rich regions in the cell periphery (PubMed:19158340). Translocates together with ZPR1 from the cytoplasm to the nucleus and nucleolus after treatment with mitogens (PubMed:8650580). Localization at the cell membrane depends on EEF1A1 phosphorylation status and the presence of PPP1R16B (PubMed:26497934). {ECO:0000269|PubMed:19158340, ECO:0000269|PubMed:26497934, ECO:0000269|PubMed:8650580}.;SUBCELLULAR LOCATION: Nucleus {ECO:0000250}.",Q5VTE0;P68104;Q05639,Putative elongation factor 1-alpha-like 3;Elongation factor 1-alpha 1;Elongation factor 1-alpha 2
"SUBCELLULAR LOCATION: Cytoplasm {ECO:0000269|PubMed:24692551, ECO:0000269|PubMed:8092987}. Nucleus {ECO:0000269|PubMed:24692551}. Cell junction, synapse {ECO:0000250|UniProtKB:Q05816}. Cell junction, synapse, postsynaptic density {ECO:0000250|UniProtKB:Q05816}. Secreted {ECO:0000250|UniProtKB:Q05816}. Note=Localizes primarily to the cytoplasm. Upon certain ligand binding, a conformation change exposes a nuclear localization motif and the protein is transported into nucleus (PubMed:24692551). Secreted by astrocytes, but not by neurons (By similarity). {ECO:0000250|UniProtKB:Q05816, ECO:0000269|PubMed:24692551}.",Q01469,"Fatty acid-binding protein, epidermal"
"SUBCELLULAR LOCATION: Cytoplasm, cytoskeleton {ECO:0000250|UniProtKB:Q9ERD7}. Cell projection, lamellipodium {ECO:0000250|UniProtKB:Q9ERD7}. Cell projection, filopodium {ECO:0000250|UniProtKB:Q9ERD7}.;SUBCELLULAR LOCATION: Cytoplasm, cytoskeleton {ECO:0000250}.;SUBCELLULAR LOCATION: Cytoplasm, cytoskeleton {ECO:0000269|PubMed:18849486}.;SUBCELLULAR LOCATION: Cytoplasm, cytoskeleton {ECO:0000269|PubMed:23001566, ECO:0000269|PubMed:28013290}.;SUBCELLULAR LOCATION: Cytoplasm, cytoskeleton {ECO:0000269|PubMed:26637975}.;SUBCELLULAR LOCATION: Cytoplasm, cytoskeleton.",P07437;Q9BVA1;Q13885;P68371;P04350;Q13509,Tubulin beta chain;Tubulin beta-2B chain;Tubulin beta-2A chain;Tubulin beta-4B chain;Tubulin beta-4A chain;Tubulin beta-3 chain
SUBCELLULAR LOCATION: Secreted.,CON__Q2KJF1,
"SUBCELLULAR LOCATION: Cytoplasm, cytoskeleton {ECO:0000269|PubMed:24069336, ECO:0000269|PubMed:7750553}. Cytoplasm, myofibril, sarcomere, Z line {ECO:0000269|PubMed:7750553}. Cell membrane {ECO:0000250|UniProtKB:Q9Z1P2}. Cell junction {ECO:0000250|UniProtKB:Q9Z1P2}. Cell projection, ruffle {ECO:0000250|UniProtKB:Q7TPR4}. Note=Colocalizes with MYOZ2 and PPP3CA at the Z-line of heart and skeletal muscle. Colocalizes with PSD in membrane ruffles and central reticular structures. {ECO:0000250|UniProtKB:Q7TPR4}.;SUBCELLULAR LOCATION: Nucleus {ECO:0000269|PubMed:22351778, ECO:0000269|PubMed:9508771}. Cytoplasm {ECO:0000269|PubMed:22351778, ECO:0000269|PubMed:9508771}. Cell junction {ECO:0000250|UniProtKB:P57780}. Cytoplasm, cytoskeleton, stress fiber {ECO:0000269|PubMed:9508771}. Note=Localized in cytoplasmic mRNP granules containing untranslated mRNAs. Nuclear translocation can be induced by the PI3 kinase inhibitor wortmannin or by cytochalasin D. Exclusively localized in the nucleus in a limited number of cell lines (breast cancer cell line MCF-7, oral floor cancer IMC-2, and bladder cancer KU-7). {ECO:0000269|PubMed:17289661, ECO:0000269|PubMed:9508771}.",P12814;O43707,Alpha-actinin-1;Alpha-actinin-4
SUBCELLULAR LOCATION: Secreted.,CON__Q1A7A4,
"SUBCELLULAR LOCATION: Cytoplasm, cytoskeleton. Nucleus. Note=In a filamentous pattern adjacent to the nucleus of migrating cerebellar granule cells. Colocalizes with tubulin and dynein and with the microtubule organizing center. Distributed throughout the cytoplasm of non-migrating cells. A small proportion is nuclear, in a punctate pattern.",Q9Y266,Nuclear migration protein nudC
"Cytoplasmic side {ECO:0000250|UniProtKB:P26041}. Cell projection, microvillus {ECO:0000250|UniProtKB:P26041}. Note=Phosphorylated form is enriched in microvilli-like structures at apical membrane. Increased cell membrane localization of both phosphorylated and non-phosphorylated forms seen after thrombin treatment (By similarity). Localizes at the uropods of T lymphoblasts. {ECO:0000250|UniProtKB:P26041, ECO:0000269|PubMed:18586956, ECO:0000269|PubMed:9298994}.;Cytoplasmic side {ECO:0000250|UniProtKB:P26041}. Cell projection, microvillus membrane {ECO:0000250|UniProtKB:P26041};Cytoplasmic side {ECO:0000250|UniProtKB:P26041}. Cytoplasm, cytoskeleton {ECO:0000250|UniProtKB:P26041}. Apical cell membrane {ECO:0000250|UniProtKB:P26041};Cytoplasmic side {ECO:0000269|PubMed:18046454}. Cell projection {ECO:0000269|PubMed:18046454}. Cell projection, microvillus membrane {ECO:0000269|PubMed:18046454};Cytoplasmic side {ECO:0000269|PubMed:18046454}. Cell projection, ruffle membrane {ECO:0000269|PubMed:18046454};Cytoplasmic side {ECO:0000269|PubMed:18046454}. Cytoplasm, cell cortex {ECO:0000269|PubMed:18046454}. Cytoplasm, cytoskeleton {ECO:0000269|PubMed:18046454}. Cell projection, microvillus {ECO:0000250|UniProtKB:P26040}. Note=Localization to the apical membrane of parietal cells depends on the interaction with MPP5. Localizes to cell extensions and peripheral processes of astrocytes (By similarity). Microvillar peripheral membrane protein (cytoplasmic side). {ECO:0000250|UniProtKB:P31977}.;Cytoplasmic side. Cytoplasm, cytoskeleton. Cleavage furrow. Cell projection, microvillus {ECO:0000250|UniProtKB:P26043}. Note=Highly concentrated in the undercoat of the cell-to-cell adherens junction and the cleavage furrow in the interphase and mitotic phase, respectively.;Peripheral membrane protein;Peripheral membrane protein {ECO:0000250|UniProtKB:P26041};Peripheral membrane protein {ECO:0000269|PubMed:18046454};SUBCELLULAR LOCATION: Apical cell membrane {ECO:0000269|PubMed:18046454};SUBCELLULAR LOCATION: Cell membrane;SUBCELLULAR LOCATION: Cell membrane {ECO:0000269|PubMed:11728332, ECO:0000269|PubMed:15039356, ECO:0000269|PubMed:18586956, ECO:0000269|PubMed:7884872, ECO:0000269|PubMed:9298994}",P26038;P35241;P15311,Moesin;Radixin;Ezrin
"SUBCELLULAR LOCATION: Secreted {ECO:0000269|PubMed:2498325}. Secreted, extracellular space {ECO:0000269|PubMed:8340399}. Secreted, extracellular space, extracellular matrix {ECO:0000269|PubMed:9488694}. Note=In the plasma, APOE is associated with chylomicrons, chylomicrons remnants, VLDL, LDL and HDL lipoproteins (PubMed:1911868, PubMed:8340399). Lipid poor oligomeric APOE is associated with the extracellular matrix in a calcium- and heparan-sulfate proteoglycans-dependent manner (PubMed:9488694). Lipidation induces the release from the extracellular matrix (PubMed:9488694). {ECO:0000269|PubMed:1911868, ECO:0000269|PubMed:8340399, ECO:0000269|PubMed:9488694}.",P02649,Apolipoprotein E
"SUBCELLULAR LOCATION: Cytoplasm {ECO:0000269|PubMed:1729596}. Nucleus, nucleoplasm {ECO:0000269|PubMed:16360036, ECO:0000269|PubMed:1729596, ECO:0000269|PubMed:18775702, ECO:0000269|PubMed:22721921}. Cell projection, podosome {ECO:0000269|PubMed:22721921}. Note=Recruited to p53/TP53-responsive promoters, in the presence of functional p53/TP53 (PubMed:16360036). In case of ASFV infection, there is a shift in the localization which becomes predominantly nuclear (PubMed:18775702).",P61978,Heterogeneous nuclear ribonucleoprotein K
"SUBCELLULAR LOCATION: Cytoplasm, myofibril, sarcomere, I band. Cytoplasm, myofibril, sarcomere, M line. Note=In skeletal muscle, accumulates around the M line and within the I band, colocalizing with FBP2 on both sides of the Z line in the absence of Ca(2+). {ECO:0000250}.",P04075,Fructose-bisphosphate aldolase A
"Cytoplasmic side {ECO:0000269|PubMed:15580268}. Cell projection, lamellipodium {ECO:0000250|UniProtKB:P18760}. Note=Colocalizes with the actin cytoskeleton in membrane ruffles and lamellipodia. Detected at the cleavage furrow and contractile ring during cytokinesis. Almost completely in nucleus in cells exposed to heat shock or 10% dimethyl sulfoxide.;Cytoplasmic side {ECO:0000269|PubMed:15580268}. Cell projection, lamellipodium membrane {ECO:0000269|PubMed:15580268};Peripheral membrane protein {ECO:0000269|PubMed:15580268};SUBCELLULAR LOCATION: Nucleus matrix {ECO:0000269|PubMed:15580268}. Cytoplasm, cytoskeleton {ECO:0000269|PubMed:15580268}. Cell projection, ruffle membrane {ECO:0000269|PubMed:15580268}",P23528,Cofilin-1
"SUBCELLULAR LOCATION: Secreted {ECO:0000269|PubMed:15908412, ECO:0000269|PubMed:19454686, ECO:0000269|PubMed:2552447, ECO:0000269|PubMed:8234256}. Cytoplasm {ECO:0000269|PubMed:11089976, ECO:0000269|PubMed:19454686}. Note=Does not have a cleavable signal sequence and is secreted via a specialized, non-classical pathway. Secreted by macrophages upon stimulation by bacterial lipopolysaccharide (LPS), or by M.tuberculosis antigens. {ECO:0000269|PubMed:15908412}.",P14174,Macrophage migration inhibitory factor
"SUBCELLULAR LOCATION: Cytoplasm {ECO:0000269|PubMed:17229681}. Note=(Microbial infection) In the course of viral infection, colocalizes with HCV NS5B at speckles in the cytoplasm in a HCV-replication dependent manner. {ECO:0000269|PubMed:17229681}.;SUBCELLULAR LOCATION: Nucleus {ECO:0000250}. Cytoplasm {ECO:0000250}.;SUBCELLULAR LOCATION: Nucleus {ECO:0000269|PubMed:17289661, ECO:0000269|PubMed:27694260}. Cytoplasm {ECO:0000269|PubMed:17289661}. Note=Localized in cytoplasmic mRNP granules containing untranslated mRNAs. Shuttles continuously between the nucleus and the cytoplasm along with mRNA. Component of ribonucleosomes (PubMed:17289661). {ECO:0000269|PubMed:17289661, ECO:0000269|PubMed:27694260}.",P09651;Q32P51,"Heterogeneous nuclear ribonucleoprotein A1;Heterogeneous nuclear ribonucleoprotein A1, N-terminally processed;Heterogeneous nuclear ribonucleoprotein A1-like 2"
"SUBCELLULAR LOCATION: Cytoplasm, cytoskeleton, spindle {ECO:0000250|UniProtKB:P17156}. Note=Colocalizes with SHCBP1L at spindle during the meiosis process. {ECO:0000250|UniProtKB:P17156}.;SUBCELLULAR LOCATION: Cytoplasm. Melanosome. Nucleus, nucleolus. Cell membrane. Note=Localized in cytoplasmic mRNP granules containing untranslated mRNAs. Translocates rapidly from the cytoplasm to the nuclei, and especially to the nucleoli, upon heat shock.",P11142,Heat shock cognate 71 kDa protein
SUBCELLULAR LOCATION: Secreted.,P81605,Dermcidin;Survival-promoting peptide;DCD-1
"SUBCELLULAR LOCATION: Cytoplasm, cytoskeleton {ECO:0000250}.;SUBCELLULAR LOCATION: Cytoplasm, cytoskeleton.",Q9BQE3;Q71U36;P68363;Q6PEY2;Q13748,Tubulin alpha-1C chain;Tubulin alpha-1A chain;Tubulin alpha-1B chain;Tubulin alpha-3E chain;Tubulin alpha-3C/D chain
"SUBCELLULAR LOCATION: Nucleus {ECO:0000269|PubMed:11118054, ECO:0000269|PubMed:9108029}. Cytoplasm {ECO:0000269|PubMed:11118054, ECO:0000269|PubMed:9108029}. Secreted {ECO:0000269|PubMed:1332947}. Note=Translocates from the cytoplasm into the nucleus after phorbol 12-myristate 13-acetate induction (PMA) (PubMed:9108029). Predominantly in the cytoplasm in non irradiated cells (PubMed:11118054). Radiation induces translocation of TRX from the cytoplasm to the nucleus (PubMed:11118054). Secreted by a leaderless secretory pathway (PubMed:1332947). {ECO:0000269|PubMed:11118054, ECO:0000269|PubMed:1332947, ECO:0000269|PubMed:9108029}.",P10599,Thioredoxin
"SUBCELLULAR LOCATION: Cytoplasm, cytoskeleton {ECO:0000269|PubMed:28493397}.",P63261,"Actin, cytoplasmic 2;Actin, cytoplasmic 2, N-terminally processed"
"SUBCELLULAR LOCATION: Secreted {ECO:0000269|PubMed:12463752, ECO:0000269|PubMed:15952736, ECO:0000269|PubMed:26902720, ECO:0000269|PubMed:7517938}.",CON__REFSEQ:XP_585019,
"SUBCELLULAR LOCATION: Nucleus {ECO:0000269|PubMed:12917326}. Cytoplasm {ECO:0000269|PubMed:12917326}. Melanosome {ECO:0000269|PubMed:12042314, ECO:0000269|PubMed:17081065}. Note=Identified by mass spectrometry in melanosome fractions from stage I to stage IV. {ECO:0000269|PubMed:12042314, ECO:0000269|PubMed:17081065}.",P62258,14-3-3 protein epsilon
"SUBCELLULAR LOCATION: Secreted {ECO:0000269|PubMed:26247044, ECO:0000269|PubMed:4405643}.",CON__Q2TBQ1,
,CON__P02666,
SUBCELLULAR LOCATION: Secreted {ECO:0000305}.,O76061,Stanniocalcin-2
SUBCELLULAR LOCATION: Secreted.,P34096,Ribonuclease 4
SUBCELLULAR LOCATION: Secreted.,P24593,Insulin-like growth factor-binding protein 5
"SUBCELLULAR LOCATION: Secreted, extracellular space, extracellular matrix, basement membrane {ECO:0000269|PubMed:12130637, ECO:0000269|PubMed:20359165}. Note=In or around the basement membrane.",Q9H4F8,SPARC-related modular calcium-binding protein 1
"SUBCELLULAR LOCATION: [Isoform FENMIT]: Mitochondrion {ECO:0000255|HAMAP-Rule:MF_03140, ECO:0000269|PubMed:23675412}.;SUBCELLULAR LOCATION: [Isoform 1]: Nucleus, nucleolus. Nucleus, nucleoplasm. Note=Resides mostly in the nucleoli and relocalizes to the nucleoplasm upon DNA damage.",CON__ENSEMBL:ENSBTAP00000007350,
"Single-pass type I membrane protein {ECO:0000255}.;Single-pass type I membrane protein {ECO:0000255}. Endoplasmic reticulum membrane {ECO:0000269|PubMed:11520457}. Early endosome membrane {ECO:0000269|PubMed:16366734}.;Single-pass type I membrane protein {ECO:0000255}. Endoplasmic reticulum membrane {ECO:0000305|PubMed:8805302};SUBCELLULAR LOCATION: [Isoform 2]: Cell membrane {ECO:0000269|PubMed:11290782};SUBCELLULAR LOCATION: [Isoform 3]: Cell membrane {ECO:0000269|PubMed:11290782};SUBCELLULAR LOCATION: [Isoform 4]: Cell membrane {ECO:0000269|PubMed:11290782};SUBCELLULAR LOCATION: [Isoform 5]: Secreted {ECO:0000269|PubMed:11137219, ECO:0000269|PubMed:7558941, ECO:0000269|PubMed:7584149, ECO:0000269|PubMed:7989753}. Early endosome {ECO:0000269|PubMed:16366734}.;SUBCELLULAR LOCATION: [Isoform 6]: Secreted {ECO:0000269|PubMed:7989753}.;SUBCELLULAR LOCATION: [Isoform 7]: Secreted {ECO:0000269|PubMed:11137219}.;SUBCELLULAR LOCATION: [Soluble HLA class I histocompatibility antigen, alpha chain G]: Secreted {ECO:0000269|PubMed:23737137}.;SUBCELLULAR LOCATION: Cell projection, filopodium membrane {ECO:0000269|PubMed:26460007}. Note=HLA-G trogocytosis from extravillous trophoblast's filopodia occurs in the majority of decidual NK cells. {ECO:0000269|PubMed:26460007}.;SUBCELLULAR LOCATION: [Isoform 1]: Cell membrane {ECO:0000269|PubMed:20448110, ECO:0000269|PubMed:7584149};SUBCELLULAR LOCATION: Cell membrane {ECO:0000269|PubMed:21263072, ECO:0000269|PubMed:25880248, ECO:0000269|PubMed:8805302}",P04439;P13746;P30457;P30455;P30447;P30443;P05534,"HLA class I histocompatibility antigen, A-3 alpha chain;HLA class I histocompatibility antigen, A-11 alpha chain;HLA class I histocompatibility antigen, A-66 alpha chain;HLA class I histocompatibility antigen, A-36 alpha chain;HLA class I histocompatibility antigen, A-23 alpha chain;HLA class I histocompatibility antigen, A-1 alpha chain;HLA class I histocompatibility antigen, A-24 alpha chain"
"most of the protein is present in intracellular vesicles (PubMed:20580937). During maturation, the immature APP (N-glycosylated in the endoplasmic reticulum) moves to the Golgi complex where complete maturation occurs (O-glycosylated and sulfated). After alpha-secretase cleavage, soluble APP is released into the extracellular space and the C-terminal is internalized to endosomes and lysosomes. Some APP accumulates in secretory transport vesicles leaving the late Golgi compartment and returns to the cell surface. APP sorts to the basolateral surface in epithelial cells. During neuronal differentiation, the Thr-743 phosphorylated form is located mainly in growth cones, moderately in neurites and sparingly in the cell body (PubMed:10341243). Casein kinase phosphorylation can occur either at the cell surface or within a post-Golgi compartment. Associates with GPC1 in perinuclear compartments. Colocalizes with SORL1 in a vesicular pattern in cytoplasm and perinuclear regions. {ECO:0000269|PubMed:10341243, ECO:0000269|PubMed:20580937}.;Single-pass type I membrane protein {ECO:0000269|PubMed:2900137, ECO:0000269|PubMed:30630874, ECO:0000305|PubMed:22584060}. Perikaryon {ECO:0000269|PubMed:10341243}. Cell projection, growth cone {ECO:0000269|PubMed:10341243}. Membrane, clathrin-coated pit {ECO:0000269|PubMed:20580937}. Early endosome {ECO:0000269|PubMed:20580937}. Cytoplasmic vesicle {ECO:0000269|PubMed:20580937, ECO:0000269|PubMed:25122912}. Note=Cell surface protein that rapidly becomes internalized via clathrin-coated pits. Only a minor proportion is present at the cell membrane;Single-pass type I membrane protein {ECO:0000269|PubMed:30630874, ECO:0000305|PubMed:10383380, ECO:0000305|PubMed:25122912}. Membrane {ECO:0000269|PubMed:2900137, ECO:0000305|PubMed:22584060};SUBCELLULAR LOCATION: [Amyloid-beta protein 42]: Cell surface. Note=Associates with FPR2 at the cell surface and the complex is then rapidly internalized. {ECO:0000269|PubMed:11689470}.;SUBCELLULAR LOCATION: [Gamma-secretase C-terminal fragment 59]: Nucleus {ECO:0000269|PubMed:11544248}. Cytoplasm {ECO:0000269|PubMed:11544248}. Note=Located to both the cytoplasm and nuclei of neurons. It can be translocated to the nucleus through association with APBB1 (Fe65) (PubMed:11544248). In dopaminergic neurons, the phosphorylated Thr-743 form is localized to the nucleus (By similarity). {ECO:0000250|UniProtKB:P12023, ECO:0000269|PubMed:11544248}.;SUBCELLULAR LOCATION: [Soluble APP-beta]: Secreted {ECO:0000269|PubMed:10656250, ECO:0000269|PubMed:2649245}.;SUBCELLULAR LOCATION: Cell membrane {ECO:0000269|PubMed:10383380, ECO:0000269|PubMed:20580937, ECO:0000269|PubMed:2649245, ECO:0000305|PubMed:25122912}",P05067,Amyloid beta A4 protein;N-APP;Soluble APP-alpha;Soluble APP-beta;C99;Beta-amyloid protein 42;Beta-amyloid protein 40;C83;P3(42);P3(40);C80;Gamma-secretase C-terminal fragment 59;Gamma-secretase C-terminal fragment 57;Gamma-secretase C-terminal fragment 50;C31
SUBCELLULAR LOCATION: Cytoplasm {ECO:0000269|PubMed:14612387}.;SUBCELLULAR LOCATION: Nucleus {ECO:0000269|PubMed:19029303}. Cytoplasm {ECO:0000269|PubMed:19029303}. Note=Loosely bound in the nucleus. May shuttle between the nucleus and the cytoplasm.,Q15366;P57721,Poly(rC)-binding protein 2;Poly(rC)-binding protein 3
SUBCELLULAR LOCATION: Secreted {ECO:0000250}.,P47972,Neuronal pentraxin-2
,CON__P01030,
"SUBCELLULAR LOCATION: Secreted, extracellular space.",CON__P00735,
"SUBCELLULAR LOCATION: Cytoplasm, perinuclear region. Nucleus, nucleolus.",CON__Q92764;Q92764,"Keratin, type I cuticular Ha5"
SUBCELLULAR LOCATION: Endoplasmic reticulum lumen {ECO:0000269|PubMed:16433634}.,Q96D15,Reticulocalbin-3
"SUBCELLULAR LOCATION: Cytoplasm {ECO:0000269|PubMed:17289661}. Cytoplasm, cytoskeleton, microtubule organizing center, centrosome {ECO:0000269|PubMed:27137183}. Note=Localized in cytoplasmic mRNP granules containing untranslated mRNAs.;SUBCELLULAR LOCATION: Cytoplasm {ECO:0000269|PubMed:17289661}. Nucleus {ECO:0000269|PubMed:27137183}. Cytoplasm, cytoskeleton, microtubule organizing center, centrosome {ECO:0000269|PubMed:27137183}. Note=Localized in cytoplasmic mRNP granules containing untranslated mRNAs.",P0DMV9;P0DMV8,Heat shock 70 kDa protein 1B;Heat shock 70 kDa protein 1A
,CON__Q28065,
,P17066;P48741,Heat shock 70 kDa protein 6;Putative heat shock 70 kDa protein 7
SUBCELLULAR LOCATION: Secreted. Note=Colocalizes with GCP1 in secretory intracellular compartments. {ECO:0000250}.,CON__ENSEMBL:ENSBTAP00000031900,
Single-pass type II membrane protein {ECO:0000250}.;SUBCELLULAR LOCATION: Golgi apparatus membrane {ECO:0000250},Q9NPF2,Carbohydrate sulfotransferase 11
"SUBCELLULAR LOCATION: Secreted {ECO:0000269|PubMed:1730286, ECO:0000269|PubMed:24635319, ECO:0000269|PubMed:3010309, ECO:0000269|PubMed:3839290, ECO:0000269|PubMed:3903517, ECO:0000269|PubMed:8541540}.",P01033,Metalloproteinase inhibitor 1
"SUBCELLULAR LOCATION: Secreted, extracellular space, extracellular matrix, basement membrane.",P98160,Basement membrane-specific heparan sulfate proteoglycan core protein;Endorepellin;LG3 peptide
,CON__Q9TTE1,
,REV__Q9Y4J8,
"SUBCELLULAR LOCATION: Secreted {ECO:0000269|PubMed:11125141, ECO:0000269|PubMed:15937921, ECO:0000269|PubMed:19723497, ECO:0000269|PubMed:21315718}. Endoplasmic reticulum {ECO:0000269|PubMed:19723497}. Lysosome {ECO:0000269|PubMed:15937921, ECO:0000269|PubMed:19723497, ECO:0000305|PubMed:11125141}. Note=Interaction with cell-surface M6PR mediates endocytosis and targeting to lysosomes. {ECO:0000305|PubMed:11125141}.",P61916,Epididymal secretory protein E1
"SUBCELLULAR LOCATION: Secreted, extracellular space, extracellular matrix {ECO:0000269|PubMed:12843317, ECO:0000269|PubMed:22610276}.",O43405,Cochlin
SUBCELLULAR LOCATION: Secreted.,CON__Q29RQ1,
,CON__P78386;P78386,"Keratin, type II cuticular Hb5"
SUBCELLULAR LOCATION: Secreted {ECO:0000269|PubMed:6203908}.;SUBCELLULAR LOCATION: Secreted.,CON__ENSEMBL:ENSBTAP00000024146,
"Cytoplasmic side {ECO:0000250|UniProtKB:P12003}. Cell junction, adherens junction {ECO:0000250|UniProtKB:P12003}. Cell junction, focal adhesion {ECO:0000250|UniProtKB:P12003}. Cytoplasm, cytoskeleton {ECO:0000250|UniProtKB:P85972}. Cell membrane, sarcolemma {ECO:0000250|UniProtKB:Q64727};Cytoplasmic side {ECO:0000250|UniProtKB:Q64727}. Note=Recruitment to cell-cell junctions occurs in a myosin II-dependent manner. Interaction with CTNNB1 is necessary for its localization to the cell-cell junctions. {ECO:0000250|UniProtKB:P12003}.;Peripheral membrane protein {ECO:0000250|UniProtKB:P12003};Peripheral membrane protein {ECO:0000250|UniProtKB:Q64727};SUBCELLULAR LOCATION: Cell membrane {ECO:0000250|UniProtKB:P12003}",P18206,Vinculin
"Single-pass type II membrane protein. Cell membrane {ECO:0000269|PubMed:1714903};Single-pass type II membrane protein. Cell surface {ECO:0000269|PubMed:1714903}. Cell projection, filopodium {ECO:0000250|UniProtKB:P15535}. Note=Found in trans cisternae of Golgi but is mainly localized at the plasma membrane (PubMed:1714903). B4GALT1 cell surface expression is regulated by UBE2Q1 (By similarity). {ECO:0000250|UniProtKB:P15535, ECO:0000269|PubMed:1714903}.;Single-pass type II membrane protein. Note=Found in trans cisternae of Golgi. {ECO:0000269|PubMed:1714903}.;SUBCELLULAR LOCATION: [Isoform Short]: Golgi apparatus, Golgi stack membrane {ECO:0000269|PubMed:1714903};SUBCELLULAR LOCATION: [Processed beta-1,4-galactosyltransferase 1]: Secreted {ECO:0000303|PubMed:2120039}. Note=Soluble form found in body fluids. {ECO:0000303|PubMed:2120039}.;SUBCELLULAR LOCATION: [Isoform Long]: Golgi apparatus, Golgi stack membrane {ECO:0000269|PubMed:1714903, ECO:0000269|PubMed:20378551}",P15291,"Beta-1,4-galactosyltransferase 1;Lactose synthase A protein;N-acetyllactosamine synthase;Beta-N-acetylglucosaminylglycopeptide beta-1,4-galactosyltransferase;Beta-N-acetylglucosaminyl-glycolipid beta-1,4-galactosyltransferase;Processed beta-1,4-galactosyltransferase 1"
,CON__Q2KJ62,
"Extracellular side {ECO:0000250|UniProtKB:P11151}. Secreted {ECO:0000269|PubMed:11342582, ECO:0000269|PubMed:11893776, ECO:0000269|PubMed:12641539, ECO:0000269|PubMed:1371284, ECO:0000269|PubMed:2340307, ECO:0000269|PubMed:27578112, ECO:0000269|PubMed:30559189}. Secreted, extracellular space, extracellular matrix {ECO:0000269|PubMed:27811232}. Note=Newly synthesized LPL binds to cell surface heparan proteoglycans and is then released by heparanase. Subsequently, it becomes attached to heparan proteoglycan on endothelial cells (PubMed:27811232). Locates to the plasma membrane of microvilli of hepatocytes with triglyceride-rich lipoproteins (TRL). Some of the bound LPL is then internalized and located inside non-coated endocytic vesicles (By similarity). {ECO:0000250|UniProtKB:P11151, ECO:0000269|PubMed:27811232}.;Peripheral membrane protein {ECO:0000250|UniProtKB:P11151};SUBCELLULAR LOCATION: Cell membrane {ECO:0000250|UniProtKB:P11151}",P06858,Lipoprotein lipase
,CON__O95678;O95678,"Keratin, type II cytoskeletal 75"
SUBCELLULAR LOCATION: Nucleus.,Q15637,Splicing factor 1
"SUBCELLULAR LOCATION: Secreted, extracellular space {ECO:0000250}. Secreted, extracellular space, extracellular matrix {ECO:0000250}. Note=Localizes to the lamina propria underneath the olfactory epithelium. {ECO:0000250}.",Q12805,EGF-containing fibulin-like extracellular matrix protein 1
,CON__Q3SX14,
"SUBCELLULAR LOCATION: Secreted {ECO:0000269|PubMed:10077593, ECO:0000269|PubMed:14699093}. Note=Locates to the cell surface where it is proteolytically cleaved to produce the active plasmin. Interaction with HRG tethers it to the cell surface.",CON__P06868,
,CON__ENSEMBL:ENSBTAP00000016046,
SUBCELLULAR LOCATION: Secreted.,P18065,Insulin-like growth factor-binding protein 2
"SUBCELLULAR LOCATION: Cytoplasm {ECO:0000269|PubMed:17081065, ECO:0000269|PubMed:9497357}. Melanosome {ECO:0000269|PubMed:17081065}. Note=Identified by mass spectrometry in melanosome fractions from stage I to stage IV.;SUBCELLULAR LOCATION: Cytoplasm {ECO:0000269|PubMed:18052930, ECO:0000269|PubMed:9388242}. Endoplasmic reticulum {ECO:0000269|PubMed:18052930}. Note=Cotranslationally translocated to and retained within the endoplasmic reticulum. A small fraction of the protein is cytoplasmic. {ECO:0000269|PubMed:18052930}.",Q06830,Peroxiredoxin-1
"SUBCELLULAR LOCATION: Secreted, extracellular space, extracellular matrix {ECO:0000305|PubMed:29100092}.",P02751,Fibronectin;Anastellin;Ugl-Y1;Ugl-Y2;Ugl-Y3
"SUBCELLULAR LOCATION: Secreted, extracellular space, extracellular matrix, basement membrane.",P14543,Nidogen-1
SUBCELLULAR LOCATION: Cytoplasm.,P00558,Phosphoglycerate kinase 1
Single-pass type I membrane protein {ECO:0000255}. Cell membrane {ECO:0000269|PubMed:30623799};Single-pass type I membrane protein {ECO:0000255}. Cytoplasm {ECO:0000269|PubMed:30623799}.;SUBCELLULAR LOCATION: Mitochondrion membrane {ECO:0000305|PubMed:30623799};SUBCELLULAR LOCATION: [Isoform 2]: Secreted.,O14786,Neuropilin-1
"Peripheral membrane protein {ECO:0000250|UniProtKB:P15087}. Secreted {ECO:0000250|UniProtKB:P15087}. Note=Associated with the secretory granule membrane through direct binding to lipid rafts in intragranular conditions. {ECO:0000250|UniProtKB:Q00493}.;SUBCELLULAR LOCATION: [Isoform 2]: Nucleus {ECO:0000269|PubMed:21285511}.;SUBCELLULAR LOCATION: [Isoform 1]: Cytoplasmic vesicle, secretory vesicle {ECO:0000250|UniProtKB:Q00493}. Cytoplasmic vesicle, secretory vesicle membrane {ECO:0000250|UniProtKB:P15087}",P16870,Carboxypeptidase E
Single-pass type II membrane protein {ECO:0000250}.;SUBCELLULAR LOCATION: Golgi apparatus membrane {ECO:0000250},Q8NCH0,Carbohydrate sulfotransferase 14
SUBCELLULAR LOCATION: Secreted.,CON__P12763,
SUBCELLULAR LOCATION: Secreted {ECO:0000269|PubMed:20189825}.,P01034,Cystatin-C
SUBCELLULAR LOCATION: Lysosome.,P17900,Ganglioside GM2 activator;Ganglioside GM2 activator isoform short
"SUBCELLULAR LOCATION: Secreted, extracellular space, extracellular matrix {ECO:0000250}.",Q9UHI8,A disintegrin and metalloproteinase with thrombospondin motifs 1
SUBCELLULAR LOCATION: Secreted.,P16035,Metalloproteinase inhibitor 2
,CON__ENSEMBL:ENSBTAP00000024466,
SUBCELLULAR LOCATION: Secreted. Note=Secreted as an inactive single-chain precursor and is then activated to a heterodimeric form.,Q04756,Hepatocyte growth factor activator;Hepatocyte growth factor activator short chain;Hepatocyte growth factor activator long chain
SUBCELLULAR LOCATION: Secreted {ECO:0000305}.,Q12841,Follistatin-related protein 1
"Single-pass membrane protein {ECO:0000250|UniProtKB:P10731}. Note=Secretory granules. {ECO:0000250|UniProtKB:P10731}.;Single-pass type I membrane protein.;SUBCELLULAR LOCATION: [Isoform 1]: Membrane;SUBCELLULAR LOCATION: [Isoform 2]: Membrane;SUBCELLULAR LOCATION: [Isoform 3]: Secreted. Note=Secreted from secretory granules.;SUBCELLULAR LOCATION: [Isoform 4]: Secreted. Note=Secreted from secretory granules.;SUBCELLULAR LOCATION: Cytoplasmic vesicle, secretory vesicle membrane {ECO:0000250|UniProtKB:P10731}",P19021,Peptidyl-glycine alpha-amidating monooxygenase;Peptidylglycine alpha-hydroxylating monooxygenase;Peptidyl-alpha-hydroxyglycine alpha-amidating lyase
SUBCELLULAR LOCATION: Secreted.,CON__P28800,
"Single-pass membrane protein {ECO:0000305|PubMed:17331072}. Secreted {ECO:0000269|PubMed:29757379}. Note=A small proportion is secreted, probably via a proteolytic cleavage that removes the membrane anchor. {ECO:0000305|PubMed:29757379}.;SUBCELLULAR LOCATION: [Isoform 2]: Secreted {ECO:0000269|PubMed:10708601}. Note=Found in the extracellular medium of quiescent cells but is not found in proliferating cells. {ECO:0000269|PubMed:10708601}.;SUBCELLULAR LOCATION: [Isoform 1]: Golgi apparatus membrane {ECO:0000269|PubMed:17331072, ECO:0000269|PubMed:23704371}",O00391,Sulfhydryl oxidase 1
SUBCELLULAR LOCATION: Secreted.,P35318,ADM;Adrenomedullin;Proadrenomedullin N-20 terminal peptide
"SUBCELLULAR LOCATION: Note=(Microbial infection) In the presence of M.tuberculosis EsxA-EsxB complex decreased amounts of B2M are found on the cell surface (PubMed:25356553). {ECO:0000269|PubMed:25356553}.;SUBCELLULAR LOCATION: Secreted {ECO:0000269|PubMed:1336137, ECO:0000269|PubMed:7554280}. Cell surface {ECO:0000269|PubMed:25356553}. Note=Detected in serum and urine (PubMed:1336137, PubMed:7554280). {ECO:0000269|PubMed:7554280, ECO:0000269|Ref.6}.",P61769,Beta-2-microglobulin;Beta-2-microglobulin form pI 5.3
"Lipid-anchor {ECO:0000250|UniProtKB:P84078}.;Lipid-anchor {ECO:0000250|UniProtKB:P84084}.;Lipid-anchor {ECO:0000305}. Golgi apparatus, trans-Golgi network membrane {ECO:0000250|UniProtKB:P84078};Lipid-anchor {ECO:0000305}. Golgi apparatus, trans-Golgi network membrane {ECO:0000250|UniProtKB:P84084};SUBCELLULAR LOCATION: Golgi apparatus {ECO:0000269|PubMed:17555535}. Cytoplasm, perinuclear region {ECO:0000269|PubMed:17555535}.;SUBCELLULAR LOCATION: Golgi apparatus {ECO:0000269|PubMed:17555535}. Cytoplasm, perinuclear region {ECO:0000269|PubMed:17555535}. Cell junction, synapse, synaptosome {ECO:0000250}. Cell junction, synapse, postsynaptic density {ECO:0000250}. Membrane {ECO:0000305};SUBCELLULAR LOCATION: Golgi apparatus {ECO:0000269|PubMed:17555535}. Cytoplasm, perinuclear region {ECO:0000269|PubMed:17555535}. Membrane {ECO:0000305}",P84077;P61204,ADP-ribosylation factor 1;ADP-ribosylation factor 3
,CON__Q2HJF0,
,CON__Q3SX09,
SUBCELLULAR LOCATION: Secreted.,CON__Q3T052,
SUBCELLULAR LOCATION: Secreted {ECO:0000305}.,Q9BTY2,Plasma alpha-L-fucosidase
SUBCELLULAR LOCATION: Secreted.,CON__P07224,
,P35527;CON__P35527,"Keratin, type I cytoskeletal 9"
"SUBCELLULAR LOCATION: Cytoplasmic vesicle, secretory vesicle {ECO:0000305}.",Q15818,Neuronal pentraxin-1
,CON__Q2UVX4,
,CON__P34955,
"SUBCELLULAR LOCATION: Secreted {ECO:0000269|PubMed:15809705, ECO:0000269|PubMed:16620762}. Lysosome lumen {ECO:0000269|PubMed:16620762}. Endoplasmic reticulum lumen {ECO:0000269|PubMed:16620762}. Mitochondrion intermembrane space {ECO:0000269|PubMed:28730546, ECO:0000269|PubMed:30184494, ECO:0000269|PubMed:30385512}. Note=Full-length RNASET2 is found in the endoplasmic reticulum while smaller RNASET2 proteolytic products are found in the lysosome fraction. {ECO:0000269|PubMed:16620762}.",O00584,Ribonuclease T2
"SUBCELLULAR LOCATION: Cytoplasm {ECO:0000250|UniProtKB:A6BLY7}.;SUBCELLULAR LOCATION: Cytoplasm {ECO:0000250|UniProtKB:Q8VCW2}.;SUBCELLULAR LOCATION: Cytoplasm {ECO:0000250|UniProtKB:Q9Z320}.;SUBCELLULAR LOCATION: Secreted, extracellular space {ECO:0000269|PubMed:12427098}. Cell surface {ECO:0000269|PubMed:19627498}. Note=Localized on the surface of desquamated nasal epithelial cells (PubMed:12427098). Localized on the surface of lung cell lines (PubMed:19627498). {ECO:0000269|PubMed:12427098, ECO:0000269|PubMed:19627498}.",CON__P13645;P13645,"Keratin, type I cytoskeletal 10"
SUBCELLULAR LOCATION: Lysosome.,P06280,Alpha-galactosidase A
,CON__REFSEQ:XP_001252647,
,CON__P02662,
SUBCELLULAR LOCATION: Cytoplasmic granule {ECO:0000269|PubMed:21282207}. Note=Found in keratohyalin granules in the granular cells of the epidermis.,CON__Q86YZ3;Q86YZ3,Hornerin
,CON__Q3SZ57,
"SUBCELLULAR LOCATION: Secreted, extracellular space.",P00750,Tissue-type plasminogen activator;Tissue-type plasminogen activator chain A;Tissue-type plasminogen activator chain B
"SUBCELLULAR LOCATION: Secreted, extracellular space {ECO:0000305}. Lysosome {ECO:0000269|PubMed:12643545}. Melanosome {ECO:0000269|PubMed:12643545}. Note=While its intracellular location is primarily the lysosome, most of the enzyme activity is secreted. Identified by mass spectrometry in melanosome fractions from stage I to stage IV. {ECO:0000269|PubMed:12643545}.",Q92820,Gamma-glutamyl hydrolase
SUBCELLULAR LOCATION: Secreted.,Q99985,Semaphorin-3C
"Single-pass type I membrane protein. Cytoplasm, cytoskeleton. Nucleus, nucleoplasm. Cell membrane, sarcolemma {ECO:0000250}. Cell junction, synapse, postsynaptic cell membrane {ECO:0000250}. Note=The monomeric form translocates to the nucleus via the action of importins and depends on RAN. Nuclear transport is inhibited by Tyr-892 phosphorylation. In skeletal muscle, this phosphorylated form locates to a vesicular internal membrane compartment. In muscle cells, sarcolemma localization requires the presence of ANK2, while localization to costameres requires the presence of ANK3. Localizes to neuromuscular junctions (NMJs) in the presence of ANK2 (By similarity). In peripheral nerves, localizes to the Schwann cell membrane. Colocalizes with ERM proteins in Schwann-cell microvilli. {ECO:0000250}.;SUBCELLULAR LOCATION: [Beta-dystroglycan]: Cell membrane;SUBCELLULAR LOCATION: [Alpha-dystroglycan]: Secreted, extracellular space.",Q14118,Dystroglycan;Alpha-dystroglycan;Beta-dystroglycan
,CON__Q3MHN5,
"SUBCELLULAR LOCATION: Cytoplasm {ECO:0000269|PubMed:10973561, ECO:0000269|PubMed:19188445}. Nucleus, nucleoplasm {ECO:0000250}. Nucleus matrix {ECO:0000250}.",CON__P02538;P02538,"Keratin, type II cytoskeletal 6A"
SUBCELLULAR LOCATION: Secreted {ECO:0000269|PubMed:10102268}. Note=The C-terminal cleavage protein is more diffusible than the larger N-terminal protein that is more tightly cell associated.,O94813,Slit homolog 2 protein;Slit homolog 2 protein N-product;Slit homolog 2 protein C-product
"Single-pass type I membrane protein {ECO:0000250}. Nucleus {ECO:0000269|PubMed:17332754}. Note=Neurite tips. Localized in the postsynaptic membrane of both excitatory and inhibitory synapses (By similarity). The AlcICD fragment is translocated to the nucleus upon interaction with APBB1. {ECO:0000250}.;Single-pass type I membrane protein {ECO:0000269|PubMed:17332754}. Golgi apparatus membrane {ECO:0000269|PubMed:17332754}. Cell projection, neuron projection {ECO:0000269|PubMed:17332754}. Cell junction, synapse, postsynaptic cell membrane {ECO:0000250};SUBCELLULAR LOCATION: Endoplasmic reticulum membrane {ECO:0000269|PubMed:17332754}",O94985,Calsyntenin-1;Soluble Alc-alpha;CTF1-alpha
,REV__O14607;REV__O15550,
,CON__ENSEMBL:ENSBTAP00000014147,
,CON__P02754,
,CON__Q3SZV7,
SUBCELLULAR LOCATION: Secreted.,CON__P15497,
"SUBCELLULAR LOCATION: Secreted {ECO:0000269|PubMed:6777381}. Cell surface {ECO:0000269|PubMed:6777381}. Secreted, extracellular space, extracellular matrix {ECO:0000269|PubMed:6341993}. Endoplasmic reticulum {ECO:0000250|UniProtKB:P35441}. Sarcoplasmic reticulum {ECO:0000250|UniProtKB:P35441}. Note=Secreted by thrombin-activated platelets and binds to the cell surface in the presence of extracellular Ca(2+) (PubMed:6777381). Incorporated into the extracellular matrix of fibroblasts (PubMed:6341993). Also detected in the endoplasmic reticulum and sarcoplasmic reticulum where it plays a role in the ER stress response (By similarity). {ECO:0000250|UniProtKB:P35441, ECO:0000269|PubMed:6341993, ECO:0000269|PubMed:6777381}.",CON__Q28194;P07996,Thrombospondin-1
,CON__P02769,
Peripheral membrane protein {ECO:0000269|PubMed:19204935}. Secreted {ECO:0000269|PubMed:19204935}.;SUBCELLULAR LOCATION: Membrane {ECO:0000269|PubMed:19204935},Q08431,Lactadherin;Lactadherin short form;Medin
"SUBCELLULAR LOCATION: Secreted, extracellular space.",CON__P41361,
Single-pass type I membrane protein {ECO:0000305}. Nucleus {ECO:0000305}.;SUBCELLULAR LOCATION: Cell membrane {ECO:0000305},Q06481,Amyloid-like protein 2
SUBCELLULAR LOCATION: Lysosome {ECO:0000250}.,Q99538,Legumain
"Single-pass type I membrane protein {ECO:0000255}. Cell membrane, sarcolemma {ECO:0000250|UniProtKB:P15116}. Cell junction {ECO:0000269|PubMed:28169360}. Cell surface {ECO:0000250|UniProtKB:P15116}. Note=Colocalizes with TMEM65 at the intercalated disk in cardiomyocytes. Colocalizes with OBSCN at the intercalated disk and at sarcolemma in cardiomyocytes. {ECO:0000250|UniProtKB:P15116}.;SUBCELLULAR LOCATION: Cell membrane {ECO:0000250|UniProtKB:P15116}",P19022,Cadherin-2
"Single-pass type I membrane protein {ECO:0000250|UniProtKB:Q99JH7}. Endoplasmic reticulum membrane {ECO:0000250|UniProtKB:Q99JH7}. Golgi apparatus membrane {ECO:0000250|UniProtKB:Q99JH7}. Cell junction, synapse, postsynapse {ECO:0000250|UniProtKB:Q99JH7}. Cell projection, dendrite {ECO:0000250|UniProtKB:Q99JH7}. Note=Most prominent in the postsynaptic specializations of asymmetric (type I) synapses with both axodendritic and axospinous localization. {ECO:0000250|UniProtKB:Q99JH7}.;SUBCELLULAR LOCATION: Cell membrane {ECO:0000250|UniProtKB:Q99JH7}",Q9BQT9,Calsyntenin-3
SUBCELLULAR LOCATION: Secreted {ECO:0000269|PubMed:17081065}. Melanosome {ECO:0000269|PubMed:17081065}. Note=Enriched in stage I melanosomes.,CON__Q95121,
,CON__Q28085,
SUBCELLULAR LOCATION: Cytoplasm.,P22061,Protein-L-isoaspartate(D-aspartate) O-methyltransferase
Single-pass type I membrane protein.;SUBCELLULAR LOCATION: [Isoform Beta]: Secreted.;SUBCELLULAR LOCATION: [Isoform Delta]: Cell membrane;SUBCELLULAR LOCATION: [Isoform Gamma]: Secreted.;SUBCELLULAR LOCATION: [Isoform Alpha]: Cell membrane,P15151,Poliovirus receptor
,CON__ENSEMBL:ENSBTAP00000032840,
SUBCELLULAR LOCATION: Secreted {ECO:0000250}. Cytoplasmic vesicle {ECO:0000269|PubMed:16959614}. Note=Cytoplasmic in some cancer cells.,Q92520,Protein FAM3C
SUBCELLULAR LOCATION: Secreted {ECO:0000269|PubMed:18486145}.,Q16769,Glutaminyl-peptide cyclotransferase
,Q86UD1,Out at first protein homolog
SUBCELLULAR LOCATION: Secreted.,CON__Q9TRI1,
,CON__Q3SZH5,
SUBCELLULAR LOCATION: Secreted.,CON__Q9TT36,
,P35908;CON__P35908,"Keratin, type II cytoskeletal 2 epidermal"
,CON__P81644,
"SUBCELLULAR LOCATION: Secreted, extracellular space. Secreted {ECO:0000269|PubMed:6327681}.",CON__Q32PI4,
,CON__ENSEMBL:ENSBTAP00000038329,
SUBCELLULAR LOCATION: Secreted {ECO:0000250|UniProtKB:Q62918}.,Q99435,Protein kinase C-binding protein NELL2
,CON__ENSEMBL:ENSBTAP00000018574,
"SUBCELLULAR LOCATION: Secreted, extracellular space, extracellular matrix {ECO:0000269|PubMed:16157329, ECO:0000269|PubMed:9660815}.",Q8N2S1,Latent-transforming growth factor beta-binding protein 4
Extracellular side {ECO:0000250|UniProtKB:P06797}. Note=Localizes to the apical membrane of thyroid epithelial cells. {ECO:0000250|UniProtKB:P06797}.;Peripheral membrane protein {ECO:0000250|UniProtKB:P06797};SUBCELLULAR LOCATION: Lysosome {ECO:0000250|UniProtKB:P06797}. Apical cell membrane {ECO:0000250|UniProtKB:P06797},P07711,Cathepsin L1;Cathepsin L1 heavy chain;Cathepsin L1 light chain
"SUBCELLULAR LOCATION: Secreted {ECO:0000269|PubMed:21092856, ECO:0000269|PubMed:26370502}. Lysosome {ECO:0000269|PubMed:21092856, ECO:0000269|PubMed:26370502, ECO:0000269|PubMed:28073925, ECO:0000269|PubMed:28541286, ECO:0000269|PubMed:28743268}. Note=Endocytosed by SORT1 and delivred to lysosomes (PubMed:21092856, PubMed:28073925). Targeted to lysosome by PSAP via M6PR and LRP1, in both biosynthetic and endocytic pathways (PubMed:26370502, PubMed:28073925). Co-localized with GBA in the intracellular trafficking compartments until to lysosome (By similarity). {ECO:0000250|UniProtKB:P28798, ECO:0000269|PubMed:21092856, ECO:0000269|PubMed:26370502, ECO:0000269|PubMed:28073925}.",P28799,Granulins;Acrogranin;Paragranulin;Granulin-1;Granulin-2;Granulin-3;Granulin-4;Granulin-5;Granulin-6;Granulin-7
"SUBCELLULAR LOCATION: Secreted, extracellular space.",CON__Q3ZBS7,
SUBCELLULAR LOCATION: Secreted.,CON__Q0IIK2;CON__Q29443,
,CON__P67983;Q8N339;P80297;P04732;P02795;P13640,Metallothionein-1M;Metallothionein-1X;Metallothionein-1E;Metallothionein-2;Metallothionein-1G
SUBCELLULAR LOCATION: Cell membrane {ECO:0000269|PubMed:17956333}. Note=Located on plasma membrane of neuroblastoma NMB7 cells.,P04264,"Keratin, type II cytoskeletal 1"
,CON__P50448,
"SUBCELLULAR LOCATION: [Prosaposin]: Secreted {ECO:0000250|UniProtKB:Q61207}. Note=Secreted as a fully glycosylated 70 kDa protein composed of complex glycans. {ECO:0000250|UniProtKB:Q61207}.;SUBCELLULAR LOCATION: Lysosome {ECO:0000269|PubMed:14657016, ECO:0000269|PubMed:21835174, ECO:0000269|PubMed:22431521}.",P07602,Prosaposin;Saposin-A;Saposin-B-Val;Saposin-B;Saposin-C;Saposin-D
"SUBCELLULAR LOCATION: Secreted, extracellular space, extracellular matrix {ECO:0000250}.",P12109,Collagen alpha-1(VI) chain
SUBCELLULAR LOCATION: Secreted.,O43854,EGF-like repeat and discoidin I-like domain-containing protein 3
"SUBCELLULAR LOCATION: Secreted, extracellular space, extracellular matrix, basement membrane.",P11047,Laminin subunit gamma-1
,CON__Q9UE12;CON__Q15323;Q15323,"Keratin, type I cuticular Ha1"
SUBCELLULAR LOCATION: Lysosome.,P10619,Lysosomal protective protein;Lysosomal protective protein 32 kDa chain;Lysosomal protective protein 20 kDa chain
,CON__P13647;P13647,"Keratin, type II cytoskeletal 5"
SUBCELLULAR LOCATION: Secreted {ECO:0000269|PubMed:2423133}.,CON__ENSEMBL:ENSBTAP00000018229,
,CON__Q3KUS7,
"SUBCELLULAR LOCATION: Secreted, extracellular space, extracellular matrix {ECO:0000250}.",CON__Q05443;P51884,Lumican
"SUBCELLULAR LOCATION: Lysosome. Melanosome. Secreted, extracellular space. Note=Identified by mass spectrometry in melanosome fractions from stage I to stage IV. In aortic samples, detected as an extracellular protein loosely bound to the matrix (PubMed:20551380). {ECO:0000269|PubMed:20551380}.",P07339,Cathepsin D;Cathepsin D light chain;Cathepsin D heavy chain
,CON__Q9BYR9;Q9BYT5;Q9BYU5;Q9BYR9;P0C7H8,Keratin-associated protein 2-2;Keratin-associated protein 2-1;Keratin-associated protein 2-4;Keratin-associated protein 2-3
,O60888,Protein CutA
SUBCELLULAR LOCATION: Cytoplasm. Nucleus. Note=Expressed in both as a filamentous pattern.,CON__P02533;P02533,"Keratin, type I cytoskeletal 14"
Single-pass membrane protein {ECO:0000269|PubMed:10444376}. Endoplasmic reticulum membrane {ECO:0000269|PubMed:10444376};Single-pass type I membrane protein {ECO:0000269|PubMed:10444376}.;Single-pass type I membrane protein {ECO:0000269|PubMed:10444376}. Golgi apparatus membrane {ECO:0000269|PubMed:10444376};SUBCELLULAR LOCATION: Endoplasmic reticulum-Golgi intermediate compartment membrane {ECO:0000269|PubMed:10444376},Q12907,Vesicular integral-membrane protein VIP36
SUBCELLULAR LOCATION: Secreted.,CON__P17690,
SUBCELLULAR LOCATION: Secreted.,CON__Q0V8M9,
Single-pass type I membrane protein. Note=Type I membrane protein localized to a paranuclear post-Golgi network compartment in communication with early endosomes. {ECO:0000250}.;SUBCELLULAR LOCATION: [Isoform PC6B]: Endomembrane system;SUBCELLULAR LOCATION: [Isoform PC6A]: Secreted. Note=Secreted through the regulated secretory pathway. {ECO:0000250}.,Q92824,Proprotein convertase subtilisin/kexin type 5
"SUBCELLULAR LOCATION: Secreted. Cell junction, synapse {ECO:0000269|PubMed:26814963}. Cell projection, axon {ECO:0000269|PubMed:26814963}. Cell projection, dendrite {ECO:0000269|PubMed:26814963}.",P0C0L4;P0C0L5,Complement C4-A;Complement C4 beta chain;Complement C4-A alpha chain;C4a anaphylatoxin;C4b-A;C4d-A;Complement C4 gamma chain;Complement C4-B;Complement C4 beta chain;Complement C4-B alpha chain;C4a anaphylatoxin;C4b-B;C4d-B;Complement C4 gamma chain
"SUBCELLULAR LOCATION: [Asprosin]: Secreted {ECO:0000269|PubMed:27087445}. Note=Secreted into the plasma. {ECO:0000269|PubMed:27087445}.;SUBCELLULAR LOCATION: [Fibrillin-1]: Secreted, extracellular space, extracellular matrix {ECO:0000269|PubMed:11461921, ECO:0000269|PubMed:24982166}.;SUBCELLULAR LOCATION: Secreted {ECO:0000269|PubMed:24982166}. Note=Fibrillin-1 and Asprosin chains are still linked together during the secretion from cells, but are subsequently separated by furin (PubMed:24982166). {ECO:0000269|PubMed:24982166}.;SUBCELLULAR LOCATION: Secreted, extracellular space, extracellular matrix {ECO:0000269|PubMed:14962672}.;SUBCELLULAR LOCATION: Secreted, extracellular space, extracellular matrix.",P35556,Fibrillin-2
,CON__P01966,
,CON__Q58D62,
"Multi-pass membrane protein {ECO:0000305}. Cell membrane {ECO:0000269|PubMed:26814968};Multi-pass membrane protein {ECO:0000305}. Golgi apparatus membrane {ECO:0000269|PubMed:26814968};Multi-pass membrane protein {ECO:0000305}. Golgi apparatus, trans-Golgi network membrane {ECO:0000269|PubMed:26814968};Multi-pass membrane protein {ECO:0000305}. Note=Traffics from the plasma membrane to the trans-Golgi network. {ECO:0000269|PubMed:26814968}.;SUBCELLULAR LOCATION: Cytoplasmic granule membrane {ECO:0000305}",Q8IZA0,Dyslexia-associated protein KIAA0319-like protein
,CON__P02663,
,CON__P00761,
,CON__Q2KJC7,
"SUBCELLULAR LOCATION: Secreted, extracellular space, extracellular matrix {ECO:0000255|PROSITE-ProRule:PRU00793}.",P08123,Collagen alpha-2(I) chain
,CON__ENSEMBL:ENSBTAP00000011227,
"Peripheral membrane protein {ECO:0000269|PubMed:22781308}. Note=Cytoplasmic in a soluble and membrane-associated form.;SUBCELLULAR LOCATION: Cell junction, adherens junction {ECO:0000269|PubMed:22781308}. Cell junction, desmosome {ECO:0000269|PubMed:22781308}. Cytoplasm, cytoskeleton {ECO:0000269|PubMed:22781308}. Membrane {ECO:0000269|PubMed:22781308};SUBCELLULAR LOCATION: Cytoplasm {ECO:0000269|PubMed:25183871, ECO:0000269|PubMed:29739711}. Nucleus {ECO:0000269|PubMed:24342833, ECO:0000269|PubMed:25183871, ECO:0000269|PubMed:28829046, ECO:0000269|PubMed:29367600, ECO:0000269|PubMed:29739711}. Cytoplasm, cytoskeleton {ECO:0000250|UniProtKB:B6V8E6}. Cell junction, adherens junction {ECO:0000250|UniProtKB:Q02248}. Cell junction {ECO:0000250|UniProtKB:B6V8E6}. Cell membrane {ECO:0000269|PubMed:24342833}. Cytoplasm, cytoskeleton, microtubule organizing center, centrosome. Cytoplasm, cytoskeleton, spindle pole. Cell junction, synapse {ECO:0000250|UniProtKB:Q02248}. Cytoplasm, cytoskeleton, cilium basal body {ECO:0000250|UniProtKB:Q02248}. Note=Colocalized with RAPGEF2 and TJP1 at cell-cell contacts (By similarity). Cytoplasmic when it is unstabilized (high level of phosphorylation) or bound to CDH1. Translocates to the nucleus when it is stabilized (low level of phosphorylation). Interaction with GLIS2 and MUC1 promotes nuclear translocation. Interaction with EMD inhibits nuclear localization. The majority of beta-catenin is localized to the cell membrane. In interphase, colocalizes with CROCC between CEP250 puncta at the proximal end of centrioles, and this localization is dependent on CROCC and CEP250. In mitosis, when NEK2 activity increases, it localizes to centrosomes at spindle poles independent of CROCC. Colocalizes with CDK5 in the cell-cell contacts and plasma membrane of undifferentiated and differentiated neuroblastoma cells. Interaction with FAM53B promotes translocation to the nucleus (PubMed:25183871). {ECO:0000250|UniProtKB:B6V8E6, ECO:0000269|PubMed:25183871}.",P14923,Junction plakoglobin
,CON__Q95M17,
,REV__P05141,
,CON__O43790;O43790;Q14533,"Keratin, type II cuticular Hb6;Keratin, type II cuticular Hb1"
Peripheral membrane protein {ECO:0000269|PubMed:11749975}. Cytoplasm {ECO:0000269|PubMed:11749975}. Secreted {ECO:0000269|PubMed:11749975}. Endoplasmic reticulum {ECO:0000250}. Nucleus envelope {ECO:0000250}. Note=Golgi retention is mediated by its N-terminal region.;SUBCELLULAR LOCATION: [Nesfatin-1]: Secreted.;SUBCELLULAR LOCATION: Golgi apparatus {ECO:0000269|PubMed:11749975}. Membrane {ECO:0000269|PubMed:11749975},P80303,Nucleobindin-2;Nesfatin-1
,CON__Q1RMN8,
,CON__Q14525;Q14525,"Keratin, type I cuticular Ha3-II"
SUBCELLULAR LOCATION: Endoplasmic reticulum lumen {ECO:0000250|UniProtKB:O35217}.,Q9UNW1,Multiple inositol polyphosphate phosphatase 1
,CON__Q2KIF2,
SUBCELLULAR LOCATION: Secreted {ECO:0000305}.;SUBCELLULAR LOCATION: Secreted.,P26927,Hepatocyte growth factor-like protein;Hepatocyte growth factor-like protein alpha chain;Hepatocyte growth factor-like protein beta chain
"Lumenal side {ECO:0000250|UniProtKB:Q63083}. Cytoplasm {ECO:0000250|UniProtKB:Q63083}. Secreted {ECO:0000250|UniProtKB:Q63083}. Note=A small fraction of the protein may be cytoplasmic. {ECO:0000250|UniProtKB:Q63083}.;Peripheral membrane protein {ECO:0000250|UniProtKB:Q63083};SUBCELLULAR LOCATION: Golgi apparatus, cis-Golgi network membrane {ECO:0000250|UniProtKB:Q63083}",Q02818,Nucleobindin-1
"SUBCELLULAR LOCATION: Secreted, extracellular space, extracellular matrix, basement membrane.",P08572,Collagen alpha-2(IV) chain;Canstatin
SUBCELLULAR LOCATION: Secreted.,CON__Q2KIG3,
,CON__P00978,
"SUBCELLULAR LOCATION: [Isoform 5]: Cytoplasm {ECO:0000269|PubMed:17442889}. Cell membrane {ECO:0000269|PubMed:17442889}. Cell projection, bleb. Note=Isoform 5 colocalizes with STX3 and STXBP1 isoform 2 at the plasma membrane and cell surface blebs. {ECO:0000269|PubMed:17442889}.;SUBCELLULAR LOCATION: [Isoform 1]: Golgi apparatus lumen {ECO:0000250|UniProtKB:Q61112}.",Q9BRK5,45 kDa calcium-binding protein
"SUBCELLULAR LOCATION: Secreted, extracellular space, extracellular matrix.",Q9NP70,Ameloblastin
"Cytoplasmic side {ECO:0000305}. Cytoplasm, perinuclear region {ECO:0000269|PubMed:16787938, ECO:0000269|PubMed:19038970}. Endoplasmic reticulum {ECO:0000269|PubMed:19038970}. Note=Localizes to ruffles during EGF-induced macropinocytosis (By similarity). Colocalizes with MTMR6 to the perinuclear region (PubMed:19038970). Partially localizes to the endoplasmic reticulum (PubMed:19038970). {ECO:0000250|UniProtKB:Q9Z2D0, ECO:0000269|PubMed:19038970}.;Peripheral membrane protein {ECO:0000305};SUBCELLULAR LOCATION: Cytoplasm {ECO:0000269|PubMed:16787938, ECO:0000269|PubMed:19038970}. Cell projection, ruffle membrane {ECO:0000250|UniProtKB:Q9Z2D0}",Q96QG7,Myotubularin-related protein 9
SUBCELLULAR LOCATION: Cytoplasm {ECO:0000250}.,Q5T749,Keratinocyte proline-rich protein